,epoch,rollout_time,msl,u10,v10,t2m,z1000,z925,z850,z700,z600,z500,z400,z300,z250,z200,z150,z100,z50,q1000,q925,q850,q700,q600,q500,q400,q300,q250,q200,q150,q100,q50,t1000,t925,t850,t700,t600,t500,t400,t300,t250,t200,t150,t100,t50,u1000,u925,u850,u700,u600,u500,u400,u300,u250,u200,u150,u100,u50,v1000,v925,v850,v700,v600,v500,v400,v300,v250,v200,v150,v100,v50
0,0.0,0.0,0.9884658455848694,0.9445157051086426,0.9448204636573792,0.9785333275794983,0.0,0.0,0.9871762990951538,0.0,0.0,0.9912024140357971,0.0,0.0,0.0,0.0,0.0,0.0,0.0,0.0,0.0,0.8818311095237732,0.0,0.0,0.906805157661438,0.0,0.0,0.0,0.0,0.0,0.0,0.0,0.0,0.0,0.968572735786438,0.0,0.0,0.9755529165267944,0.0,0.0,0.0,0.0,0.0,0.0,0.0,0.0,0.0,0.9333115816116333,0.0,0.0,0.9490329623222351,0.0,0.0,0.0,0.0,0.0,0.0,0.0,0.0,0.0,0.9271537065505981,0.0,0.0,0.9453540444374084,0.0,0.0,0.0,0.0,0.0,0.0,0.0
0,1.0,0.0,0.993639349937439,0.9611304402351379,0.9604764580726624,0.985124409198761,0.0,0.0,0.9936256408691406,0.0,0.0,0.9960997700691223,0.0,0.0,0.0,0.0,0.0,0.0,0.0,0.0,0.0,0.9014917612075806,0.0,0.0,0.9241482019424438,0.0,0.0,0.0,0.0,0.0,0.0,0.0,0.0,0.0,0.978746771812439,0.0,0.0,0.9842199087142944,0.0,0.0,0.0,0.0,0.0,0.0,0.0,0.0,0.0,0.9513770937919617,0.0,0.0,0.9627195000648499,0.0,0.0,0.0,0.0,0.0,0.0,0.0,0.0,0.0,0.9471368789672852,0.0,0.0,0.9603409767150879,0.0,0.0,0.0,0.0,0.0,0.0,0.0
0,2.0,0.0,0.9950870275497437,0.9679505228996277,0.9680548310279846,0.9873445630073547,0.0,0.0,0.9952729344367981,0.0,0.0,0.9972620010375977,0.0,0.0,0.0,0.0,0.0,0.0,0.0,0.0,0.0,0.9127594232559204,0.0,0.0,0.9326992630958557,0.0,0.0,0.0,0.0,0.0,0.0,0.0,0.0,0.0,0.9818148612976074,0.0,0.0,0.9870043396949768,0.0,0.0,0.0,0.0,0.0,0.0,0.0,0.0,0.0,0.959068775177002,0.0,0.0,0.9690503478050232,0.0,0.0,0.0,0.0,0.0,0.0,0.0,0.0,0.0,0.9556146860122681,0.0,0.0,0.9665667414665222,0.0,0.0,0.0,0.0,0.0,0.0,0.0
0,3.0,0.0,0.9954902529716492,0.9717052578926086,0.9714100360870361,0.9878462553024292,0.0,0.0,0.995944082736969,0.0,0.0,0.9977800250053406,0.0,0.0,0.0,0.0,0.0,0.0,0.0,0.0,0.0,0.9199490547180176,0.0,0.0,0.9381433129310608,0.0,0.0,0.0,0.0,0.0,0.0,0.0,0.0,0.0,0.9833524227142334,0.0,0.0,0.9881808757781982,0.0,0.0,0.0,0.0,0.0,0.0,0.0,0.0,0.0,0.9633017778396606,0.0,0.0,0.9725618362426758,0.0,0.0,0.0,0.0,0.0,0.0,0.0,0.0,0.0,0.9594981670379639,0.0,0.0,0.9697328805923462,0.0,0.0,0.0,0.0,0.0,0.0,0.0
0,4.0,0.0,0.9960594177246094,0.9734368920326233,0.9732965230941772,0.9887804388999939,0.0,0.0,0.9963423013687134,0.0,0.0,0.9979714751243591,0.0,0.0,0.0,0.0,0.0,0.0,0.0,0.0,0.0,0.9240450263023376,0.0,0.0,0.9416804313659668,0.0,0.0,0.0,0.0,0.0,0.0,0.0,0.0,0.0,0.9844512343406677,0.0,0.0,0.988979160785675,0.0,0.0,0.0,0.0,0.0,0.0,0.0,0.0,0.0,0.9655874967575073,0.0,0.0,0.974463939666748,0.0,0.0,0.0,0.0,0.0,0.0,0.0,0.0,0.0,0.9616799354553223,0.0,0.0,0.9715842008590698,0.0,0.0,0.0,0.0,0.0,0.0,0.0
0,5.0,0.0,0.9960379004478455,0.9743772149085999,0.9743669033050537,0.9889035820960999,0.0,0.0,0.996391236782074,0.0,0.0,0.9980118274688721,0.0,0.0,0.0,0.0,0.0,0.0,0.0,0.0,0.0,0.9276491403579712,0.0,0.0,0.9441288113594055,0.0,0.0,0.0,0.0,0.0,0.0,0.0,0.0,0.0,0.9851119518280029,0.0,0.0,0.9894676804542542,0.0,0.0,0.0,0.0,0.0,0.0,0.0,0.0,0.0,0.9666973948478699,0.0,0.0,0.9756026268005371,0.0,0.0,0.0,0.0,0.0,0.0,0.0,0.0,0.0,0.9633558392524719,0.0,0.0,0.9726255536079407,0.0,0.0,0.0,0.0,0.0,0.0,0.0
0,6.0,0.0,0.9963293075561523,0.9752565026283264,0.9751444458961487,0.9892702102661133,0.0,0.0,0.9966152310371399,0.0,0.0,0.9981227517127991,0.0,0.0,0.0,0.0,0.0,0.0,0.0,0.0,0.0,0.9298949241638184,0.0,0.0,0.9454554915428162,0.0,0.0,0.0,0.0,0.0,0.0,0.0,0.0,0.0,0.9857085347175598,0.0,0.0,0.9898355007171631,0.0,0.0,0.0,0.0,0.0,0.0,0.0,0.0,0.0,0.9677116274833679,0.0,0.0,0.976331353187561,0.0,0.0,0.0,0.0,0.0,0.0,0.0,0.0,0.0,0.9644584655761719,0.0,0.0,0.9735342264175415,0.0,0.0,0.0,0.0,0.0,0.0,0.0
0,7.0,0.0,0.9964035749435425,0.9756710529327393,0.9754870533943176,0.9889543056488037,0.0,0.0,0.9967104196548462,0.0,0.0,0.9981014132499695,0.0,0.0,0.0,0.0,0.0,0.0,0.0,0.0,0.0,0.9312315583229065,0.0,0.0,0.9466993808746338,0.0,0.0,0.0,0.0,0.0,0.0,0.0,0.0,0.0,0.9859180450439453,0.0,0.0,0.989874005317688,0.0,0.0,0.0,0.0,0.0,0.0,0.0,0.0,0.0,0.9682607054710388,0.0,0.0,0.9764748811721802,0.0,0.0,0.0,0.0,0.0,0.0,0.0,0.0,0.0,0.9651044607162476,0.0,0.0,0.9738739728927612,0.0,0.0,0.0,0.0,0.0,0.0,0.0
0,8.0,0.0,0.9964624643325806,0.9763175845146179,0.9760487079620361,0.9896618723869324,0.0,0.0,0.9966986179351807,0.0,0.0,0.9982415437698364,0.0,0.0,0.0,0.0,0.0,0.0,0.0,0.0,0.0,0.932605504989624,0.0,0.0,0.9473584890365601,0.0,0.0,0.0,0.0,0.0,0.0,0.0,0.0,0.0,0.9864028096199036,0.0,0.0,0.9903087615966797,0.0,0.0,0.0,0.0,0.0,0.0,0.0,0.0,0.0,0.9691011905670166,0.0,0.0,0.9770911335945129,0.0,0.0,0.0,0.0,0.0,0.0,0.0,0.0,0.0,0.9656524062156677,0.0,0.0,0.974446713924408,0.0,0.0,0.0,0.0,0.0,0.0,0.0
0,9.0,0.0,0.9965224266052246,0.9766900539398193,0.9764485359191895,0.9897081255912781,0.0,0.0,0.9967979788780212,0.0,0.0,0.9983313679695129,0.0,0.0,0.0,0.0,0.0,0.0,0.0,0.0,0.0,0.9337039589881897,0.0,0.0,0.9484556317329407,0.0,0.0,0.0,0.0,0.0,0.0,0.0,0.0,0.0,0.9866567850112915,0.0,0.0,0.9905492067337036,0.0,0.0,0.0,0.0,0.0,0.0,0.0,0.0,0.0,0.9695074558258057,0.0,0.0,0.9775949120521545,0.0,0.0,0.0,0.0,0.0,0.0,0.0,0.0,0.0,0.9661796689033508,0.0,0.0,0.9745276570320129,0.0,0.0,0.0,0.0,0.0,0.0,0.0
0,10.0,0.0,0.9965442419052124,0.9766697883605957,0.976709246635437,0.9898557662963867,0.0,0.0,0.996913731098175,0.0,0.0,0.9983640313148499,0.0,0.0,0.0,0.0,0.0,0.0,0.0,0.0,0.0,0.9341782331466675,0.0,0.0,0.9486960172653198,0.0,0.0,0.0,0.0,0.0,0.0,0.0,0.0,0.0,0.9868127107620239,0.0,0.0,0.9906650185585022,0.0,0.0,0.0,0.0,0.0,0.0,0.0,0.0,0.0,0.9697760343551636,0.0,0.0,0.977704644203186,0.0,0.0,0.0,0.0,0.0,0.0,0.0,0.0,0.0,0.9667773842811584,0.0,0.0,0.9751110076904297,0.0,0.0,0.0,0.0,0.0,0.0,0.0
0,11.0,0.0,0.9966402053833008,0.9772071242332458,0.9770700335502625,0.9898094534873962,0.0,0.0,0.9969645738601685,0.0,0.0,0.9983910918235779,0.0,0.0,0.0,0.0,0.0,0.0,0.0,0.0,0.0,0.9350464940071106,0.0,0.0,0.9494462013244629,0.0,0.0,0.0,0.0,0.0,0.0,0.0,0.0,0.0,0.9869460463523865,0.0,0.0,0.9908427000045776,0.0,0.0,0.0,0.0,0.0,0.0,0.0,0.0,0.0,0.9700954556465149,0.0,0.0,0.9780568480491638,0.0,0.0,0.0,0.0,0.0,0.0,0.0,0.0,0.0,0.9669567346572876,0.0,0.0,0.9753352999687195,0.0,0.0,0.0,0.0,0.0,0.0,0.0
0,12.0,0.0,0.9966869354248047,0.9774211645126343,0.9772909283638,0.9900042414665222,0.0,0.0,0.9969828724861145,0.0,0.0,0.9984464645385742,0.0,0.0,0.0,0.0,0.0,0.0,0.0,0.0,0.0,0.9357373118400574,0.0,0.0,0.9497957229614258,0.0,0.0,0.0,0.0,0.0,0.0,0.0,0.0,0.0,0.9871532917022705,0.0,0.0,0.9910125732421875,0.0,0.0,0.0,0.0,0.0,0.0,0.0,0.0,0.0,0.9704014658927917,0.0,0.0,0.9782518148422241,0.0,0.0,0.0,0.0,0.0,0.0,0.0,0.0,0.0,0.9671112298965454,0.0,0.0,0.9755343794822693,0.0,0.0,0.0,0.0,0.0,0.0,0.0
0,13.0,0.0,0.9967020153999329,0.9775657653808594,0.9774413108825684,0.9900850653648376,0.0,0.0,0.9970099329948425,0.0,0.0,0.9984636306762695,0.0,0.0,0.0,0.0,0.0,0.0,0.0,0.0,0.0,0.9364032745361328,0.0,0.0,0.95036780834198,0.0,0.0,0.0,0.0,0.0,0.0,0.0,0.0,0.0,0.9871973991394043,0.0,0.0,0.991066038608551,0.0,0.0,0.0,0.0,0.0,0.0,0.0,0.0,0.0,0.9707898497581482,0.0,0.0,0.9784148931503296,0.0,0.0,0.0,0.0,0.0,0.0,0.0,0.0,0.0,0.9675970077514648,0.0,0.0,0.9755913615226746,0.0,0.0,0.0,0.0,0.0,0.0,0.0
0,14.0,0.0,0.9966986179351807,0.9777102470397949,0.9775470495223999,0.9899275302886963,0.0,0.0,0.9969645738601685,0.0,0.0,0.9984002709388733,0.0,0.0,0.0,0.0,0.0,0.0,0.0,0.0,0.0,0.9365909099578857,0.0,0.0,0.9506518840789795,0.0,0.0,0.0,0.0,0.0,0.0,0.0,0.0,0.0,0.9873337149620056,0.0,0.0,0.9911715984344482,0.0,0.0,0.0,0.0,0.0,0.0,0.0,0.0,0.0,0.9708103537559509,0.0,0.0,0.9784815311431885,0.0,0.0,0.0,0.0,0.0,0.0,0.0,0.0,0.0,0.9677326083183289,0.0,0.0,0.975847065448761,0.0,0.0,0.0,0.0,0.0,0.0,0.0
0,15.0,0.0,0.9968088269233704,0.9778781533241272,0.9778720140457153,0.9902786612510681,0.0,0.0,0.9971163272857666,0.0,0.0,0.9985080361366272,0.0,0.0,0.0,0.0,0.0,0.0,0.0,0.0,0.0,0.937238872051239,0.0,0.0,0.9508585333824158,0.0,0.0,0.0,0.0,0.0,0.0,0.0,0.0,0.0,0.9874892830848694,0.0,0.0,0.9912372827529907,0.0,0.0,0.0,0.0,0.0,0.0,0.0,0.0,0.0,0.9710776805877686,0.0,0.0,0.9787383079528809,0.0,0.0,0.0,0.0,0.0,0.0,0.0,0.0,0.0,0.968055784702301,0.0,0.0,0.9761106371879578,0.0,0.0,0.0,0.0,0.0,0.0,0.0
0,16.0,0.0,0.996852695941925,0.9780096411705017,0.9778125286102295,0.9901754856109619,0.0,0.0,0.9971625208854675,0.0,0.0,0.9985102415084839,0.0,0.0,0.0,0.0,0.0,0.0,0.0,0.0,0.0,0.9371351003646851,0.0,0.0,0.9511359333992004,0.0,0.0,0.0,0.0,0.0,0.0,0.0,0.0,0.0,0.9875000715255737,0.0,0.0,0.9912282824516296,0.0,0.0,0.0,0.0,0.0,0.0,0.0,0.0,0.0,0.9711889028549194,0.0,0.0,0.9787842035293579,0.0,0.0,0.0,0.0,0.0,0.0,0.0,0.0,0.0,0.9680555462837219,0.0,0.0,0.9760934114456177,0.0,0.0,0.0,0.0,0.0,0.0,0.0
0,17.0,0.0,0.9968482851982117,0.9781356453895569,0.978178858757019,0.9903388619422913,0.0,0.0,0.9971621036529541,0.0,0.0,0.9985026121139526,0.0,0.0,0.0,0.0,0.0,0.0,0.0,0.0,0.0,0.9377493262290955,0.0,0.0,0.9514108300209045,0.0,0.0,0.0,0.0,0.0,0.0,0.0,0.0,0.0,0.9874629378318787,0.0,0.0,0.9913250207901001,0.0,0.0,0.0,0.0,0.0,0.0,0.0,0.0,0.0,0.9714560508728027,0.0,0.0,0.9789004325866699,0.0,0.0,0.0,0.0,0.0,0.0,0.0,0.0,0.0,0.9683562517166138,0.0,0.0,0.9764344096183777,0.0,0.0,0.0,0.0,0.0,0.0,0.0
0,18.0,0.0,0.996837854385376,0.9782081842422485,0.9781103730201721,0.9903504252433777,0.0,0.0,0.9971141815185547,0.0,0.0,0.9984625577926636,0.0,0.0,0.0,0.0,0.0,0.0,0.0,0.0,0.0,0.9377653002738953,0.0,0.0,0.9517744183540344,0.0,0.0,0.0,0.0,0.0,0.0,0.0,0.0,0.0,0.9876275658607483,0.0,0.0,0.9914554357528687,0.0,0.0,0.0,0.0,0.0,0.0,0.0,0.0,0.0,0.9715836048126221,0.0,0.0,0.9791029095649719,0.0,0.0,0.0,0.0,0.0,0.0,0.0,0.0,0.0,0.9684733152389526,0.0,0.0,0.9764554500579834,0.0,0.0,0.0,0.0,0.0,0.0,0.0
0,19.0,0.0,0.9969354271888733,0.9785001873970032,0.9783686995506287,0.9904302954673767,0.0,0.0,0.9972419738769531,0.0,0.0,0.9985668659210205,0.0,0.0,0.0,0.0,0.0,0.0,0.0,0.0,0.0,0.9381720423698425,0.0,0.0,0.9519467949867249,0.0,0.0,0.0,0.0,0.0,0.0,0.0,0.0,0.0,0.9874448776245117,0.0,0.0,0.9915046095848083,0.0,0.0,0.0,0.0,0.0,0.0,0.0,0.0,0.0,0.9715450406074524,0.0,0.0,0.9791694283485413,0.0,0.0,0.0,0.0,0.0,0.0,0.0,0.0,0.0,0.9687725305557251,0.0,0.0,0.9765974283218384,0.0,0.0,0.0,0.0,0.0,0.0,0.0
0,20.0,0.0,0.9969524145126343,0.9785764217376709,0.9784337282180786,0.9904028177261353,0.0,0.0,0.9972394704818726,0.0,0.0,0.9985659122467041,0.0,0.0,0.0,0.0,0.0,0.0,0.0,0.0,0.0,0.9384406805038452,0.0,0.0,0.9521611928939819,0.0,0.0,0.0,0.0,0.0,0.0,0.0,0.0,0.0,0.9876918196678162,0.0,0.0,0.9915397763252258,0.0,0.0,0.0,0.0,0.0,0.0,0.0,0.0,0.0,0.971696138381958,0.0,0.0,0.979213535785675,0.0,0.0,0.0,0.0,0.0,0.0,0.0,0.0,0.0,0.9687865376472473,0.0,0.0,0.9765558838844299,0.0,0.0,0.0,0.0,0.0,0.0,0.0
0,21.0,0.0,0.9969605803489685,0.9786550402641296,0.9784631729125977,0.9904735088348389,0.0,0.0,0.99725741147995,0.0,0.0,0.998573362827301,0.0,0.0,0.0,0.0,0.0,0.0,0.0,0.0,0.0,0.9386902451515198,0.0,0.0,0.9522104859352112,0.0,0.0,0.0,0.0,0.0,0.0,0.0,0.0,0.0,0.9878019094467163,0.0,0.0,0.9915754199028015,0.0,0.0,0.0,0.0,0.0,0.0,0.0,0.0,0.0,0.9718806147575378,0.0,0.0,0.9792513847351074,0.0,0.0,0.0,0.0,0.0,0.0,0.0,0.0,0.0,0.9688618779182434,0.0,0.0,0.9767656326293945,0.0,0.0,0.0,0.0,0.0,0.0,0.0
0,22.0,0.0,0.9968496561050415,0.9786723852157593,0.9784584045410156,0.9903234839439392,0.0,0.0,0.9971873760223389,0.0,0.0,0.9985445737838745,0.0,0.0,0.0,0.0,0.0,0.0,0.0,0.0,0.0,0.9387957453727722,0.0,0.0,0.952447772026062,0.0,0.0,0.0,0.0,0.0,0.0,0.0,0.0,0.0,0.9877851605415344,0.0,0.0,0.9916245341300964,0.0,0.0,0.0,0.0,0.0,0.0,0.0,0.0,0.0,0.9718559384346008,0.0,0.0,0.9794343113899231,0.0,0.0,0.0,0.0,0.0,0.0,0.0,0.0,0.0,0.9689366221427917,0.0,0.0,0.9767731428146362,0.0,0.0,0.0,0.0,0.0,0.0,0.0
0,23.0,0.0,0.996961236000061,0.9788275361061096,0.9786723852157593,0.9905006885528564,0.0,0.0,0.9972370862960815,0.0,0.0,0.9985626935958862,0.0,0.0,0.0,0.0,0.0,0.0,0.0,0.0,0.0,0.9392026662826538,0.0,0.0,0.9524279236793518,0.0,0.0,0.0,0.0,0.0,0.0,0.0,0.0,0.0,0.9878557324409485,0.0,0.0,0.9915964007377625,0.0,0.0,0.0,0.0,0.0,0.0,0.0,0.0,0.0,0.9719679355621338,0.0,0.0,0.9795198440551758,0.0,0.0,0.0,0.0,0.0,0.0,0.0,0.0,0.0,0.9690021276473999,0.0,0.0,0.9768653512001038,0.0,0.0,0.0,0.0,0.0,0.0,0.0
0,24.0,0.0,0.9969867467880249,0.9788556694984436,0.9787025451660156,0.9905436635017395,0.0,0.0,0.9972946643829346,0.0,0.0,0.9985851645469666,0.0,0.0,0.0,0.0,0.0,0.0,0.0,0.0,0.0,0.9393643140792847,0.0,0.0,0.9526764154434204,0.0,0.0,0.0,0.0,0.0,0.0,0.0,0.0,0.0,0.9879297018051147,0.0,0.0,0.991710901260376,0.0,0.0,0.0,0.0,0.0,0.0,0.0,0.0,0.0,0.9721456170082092,0.0,0.0,0.9795264601707458,0.0,0.0,0.0,0.0,0.0,0.0,0.0,0.0,0.0,0.9691885113716125,0.0,0.0,0.9768626689910889,0.0,0.0,0.0,0.0,0.0,0.0,0.0
0,25.0,0.0,0.996976912021637,0.9788799285888672,0.9787986874580383,0.9905760884284973,0.0,0.0,0.9972824454307556,0.0,0.0,0.9986110329627991,0.0,0.0,0.0,0.0,0.0,0.0,0.0,0.0,0.0,0.939622700214386,0.0,0.0,0.9526540040969849,0.0,0.0,0.0,0.0,0.0,0.0,0.0,0.0,0.0,0.9879449009895325,0.0,0.0,0.991733729839325,0.0,0.0,0.0,0.0,0.0,0.0,0.0,0.0,0.0,0.9719148278236389,0.0,0.0,0.9796673059463501,0.0,0.0,0.0,0.0,0.0,0.0,0.0,0.0,0.0,0.9692639708518982,0.0,0.0,0.9771450757980347,0.0,0.0,0.0,0.0,0.0,0.0,0.0
0,26.0,0.0,0.9970039129257202,0.979131817817688,0.9788438081741333,0.9906127452850342,0.0,0.0,0.9973296523094177,0.0,0.0,0.9986203908920288,0.0,0.0,0.0,0.0,0.0,0.0,0.0,0.0,0.0,0.9397546052932739,0.0,0.0,0.9530507326126099,0.0,0.0,0.0,0.0,0.0,0.0,0.0,0.0,0.0,0.9880077838897705,0.0,0.0,0.9917267560958862,0.0,0.0,0.0,0.0,0.0,0.0,0.0,0.0,0.0,0.9722248911857605,0.0,0.0,0.9795703887939453,0.0,0.0,0.0,0.0,0.0,0.0,0.0,0.0,0.0,0.9693765044212341,0.0,0.0,0.9770500063896179,0.0,0.0,0.0,0.0,0.0,0.0,0.0
0,27.0,0.0,0.9969720840454102,0.9790444374084473,0.9789335131645203,0.9904208183288574,0.0,0.0,0.9972394704818726,0.0,0.0,0.9984316229820251,0.0,0.0,0.0,0.0,0.0,0.0,0.0,0.0,0.0,0.939912736415863,0.0,0.0,0.9531805515289307,0.0,0.0,0.0,0.0,0.0,0.0,0.0,0.0,0.0,0.9878799319267273,0.0,0.0,0.9914366602897644,0.0,0.0,0.0,0.0,0.0,0.0,0.0,0.0,0.0,0.9723778963088989,0.0,0.0,0.9796806573867798,0.0,0.0,0.0,0.0,0.0,0.0,0.0,0.0,0.0,0.9694207906723022,0.0,0.0,0.977168083190918,0.0,0.0,0.0,0.0,0.0,0.0,0.0
0,28.0,0.0,0.9971010088920593,0.9792600274085999,0.9791404604911804,0.9905967712402344,0.0,0.0,0.9973901510238647,0.0,0.0,0.9986213445663452,0.0,0.0,0.0,0.0,0.0,0.0,0.0,0.0,0.0,0.9401307106018066,0.0,0.0,0.9532936215400696,0.0,0.0,0.0,0.0,0.0,0.0,0.0,0.0,0.0,0.9881010055541992,0.0,0.0,0.9917715787887573,0.0,0.0,0.0,0.0,0.0,0.0,0.0,0.0,0.0,0.9724674820899963,0.0,0.0,0.9798294901847839,0.0,0.0,0.0,0.0,0.0,0.0,0.0,0.0,0.0,0.9695410132408142,0.0,0.0,0.9772380590438843,0.0,0.0,0.0,0.0,0.0,0.0,0.0
0,29.0,0.0,0.9970084428787231,0.9791945219039917,0.978996753692627,0.990623950958252,0.0,0.0,0.9973363280296326,0.0,0.0,0.998636782169342,0.0,0.0,0.0,0.0,0.0,0.0,0.0,0.0,0.0,0.9402422308921814,0.0,0.0,0.9531891942024231,0.0,0.0,0.0,0.0,0.0,0.0,0.0,0.0,0.0,0.9880717992782593,0.0,0.0,0.9917650818824768,0.0,0.0,0.0,0.0,0.0,0.0,0.0,0.0,0.0,0.9724554419517517,0.0,0.0,0.979775607585907,0.0,0.0,0.0,0.0,0.0,0.0,0.0,0.0,0.0,0.969499945640564,0.0,0.0,0.9772593379020691,0.0,0.0,0.0,0.0,0.0,0.0,0.0
0,30.0,0.0,0.9971418380737305,0.9794286489486694,0.9792608618736267,0.9906713962554932,0.0,0.0,0.9974635243415833,0.0,0.0,0.9986618757247925,0.0,0.0,0.0,0.0,0.0,0.0,0.0,0.0,0.0,0.9404507875442505,0.0,0.0,0.9534285664558411,0.0,0.0,0.0,0.0,0.0,0.0,0.0,0.0,0.0,0.9881545305252075,0.0,0.0,0.9918617010116577,0.0,0.0,0.0,0.0,0.0,0.0,0.0,0.0,0.0,0.972642719745636,0.0,0.0,0.9798093438148499,0.0,0.0,0.0,0.0,0.0,0.0,0.0,0.0,0.0,0.9698964357376099,0.0,0.0,0.9773622751235962,0.0,0.0,0.0,0.0,0.0,0.0,0.0
0,31.0,0.0,0.9970341324806213,0.9794732332229614,0.9791494607925415,0.9907069802284241,0.0,0.0,0.9973422884941101,0.0,0.0,0.9986298680305481,0.0,0.0,0.0,0.0,0.0,0.0,0.0,0.0,0.0,0.9405070543289185,0.0,0.0,0.9534655213356018,0.0,0.0,0.0,0.0,0.0,0.0,0.0,0.0,0.0,0.9882141351699829,0.0,0.0,0.9919312000274658,0.0,0.0,0.0,0.0,0.0,0.0,0.0,0.0,0.0,0.9727356433868408,0.0,0.0,0.9798864126205444,0.0,0.0,0.0,0.0,0.0,0.0,0.0,0.0,0.0,0.9696851968765259,0.0,0.0,0.9773314595222473,0.0,0.0,0.0,0.0,0.0,0.0,0.0
0,32.0,0.0,0.9971073269844055,0.9795400500297546,0.979106605052948,0.9907140731811523,0.0,0.0,0.9974122047424316,0.0,0.0,0.9986525774002075,0.0,0.0,0.0,0.0,0.0,0.0,0.0,0.0,0.0,0.9405443072319031,0.0,0.0,0.9537168145179749,0.0,0.0,0.0,0.0,0.0,0.0,0.0,0.0,0.0,0.988264262676239,0.0,0.0,0.9918235540390015,0.0,0.0,0.0,0.0,0.0,0.0,0.0,0.0,0.0,0.9728222489356995,0.0,0.0,0.9800477027893066,0.0,0.0,0.0,0.0,0.0,0.0,0.0,0.0,0.0,0.9699464440345764,0.0,0.0,0.9775242209434509,0.0,0.0,0.0,0.0,0.0,0.0,0.0
0,33.0,0.0,0.9970362782478333,0.9793792963027954,0.9793746471405029,0.9907061457633972,0.0,0.0,0.9973406195640564,0.0,0.0,0.9986296892166138,0.0,0.0,0.0,0.0,0.0,0.0,0.0,0.0,0.0,0.9408099055290222,0.0,0.0,0.9536935091018677,0.0,0.0,0.0,0.0,0.0,0.0,0.0,0.0,0.0,0.9882097244262695,0.0,0.0,0.9919738173484802,0.0,0.0,0.0,0.0,0.0,0.0,0.0,0.0,0.0,0.972825825214386,0.0,0.0,0.980073869228363,0.0,0.0,0.0,0.0,0.0,0.0,0.0,0.0,0.0,0.9699667096138,0.0,0.0,0.9774581789970398,0.0,0.0,0.0,0.0,0.0,0.0,0.0
0,34.0,0.0,0.9971033930778503,0.979573130607605,0.9793364405632019,0.9906706213951111,0.0,0.0,0.9974287152290344,0.0,0.0,0.9986544847488403,0.0,0.0,0.0,0.0,0.0,0.0,0.0,0.0,0.0,0.9409925937652588,0.0,0.0,0.9541130065917969,0.0,0.0,0.0,0.0,0.0,0.0,0.0,0.0,0.0,0.9881689548492432,0.0,0.0,0.9919711351394653,0.0,0.0,0.0,0.0,0.0,0.0,0.0,0.0,0.0,0.972865641117096,0.0,0.0,0.9800790548324585,0.0,0.0,0.0,0.0,0.0,0.0,0.0,0.0,0.0,0.9699233174324036,0.0,0.0,0.9776046872138977,0.0,0.0,0.0,0.0,0.0,0.0,0.0
0,35.0,0.0,0.9971675276756287,0.9794855117797852,0.9791134595870972,0.9908226132392883,0.0,0.0,0.9974640607833862,0.0,0.0,0.9987038969993591,0.0,0.0,0.0,0.0,0.0,0.0,0.0,0.0,0.0,0.9409781694412231,0.0,0.0,0.9537352919578552,0.0,0.0,0.0,0.0,0.0,0.0,0.0,0.0,0.0,0.988285481929779,0.0,0.0,0.9919882416725159,0.0,0.0,0.0,0.0,0.0,0.0,0.0,0.0,0.0,0.9730014204978943,0.0,0.0,0.980085015296936,0.0,0.0,0.0,0.0,0.0,0.0,0.0,0.0,0.0,0.9700283408164978,0.0,0.0,0.9775835871696472,0.0,0.0,0.0,0.0,0.0,0.0,0.0
0,36.0,0.0,0.997090756893158,0.9795742630958557,0.9794942736625671,0.9908185601234436,0.0,0.0,0.9973648190498352,0.0,0.0,0.9986640810966492,0.0,0.0,0.0,0.0,0.0,0.0,0.0,0.0,0.0,0.9407708048820496,0.0,0.0,0.9538929462432861,0.0,0.0,0.0,0.0,0.0,0.0,0.0,0.0,0.0,0.9882548451423645,0.0,0.0,0.9919373393058777,0.0,0.0,0.0,0.0,0.0,0.0,0.0,0.0,0.0,0.9729304909706116,0.0,0.0,0.9802309274673462,0.0,0.0,0.0,0.0,0.0,0.0,0.0,0.0,0.0,0.9701974987983704,0.0,0.0,0.9776104092597961,0.0,0.0,0.0,0.0,0.0,0.0,0.0
0,37.0,0.0,0.9970960021018982,0.9796242713928223,0.9797343015670776,0.9908552169799805,0.0,0.0,0.9974183440208435,0.0,0.0,0.9986638426780701,0.0,0.0,0.0,0.0,0.0,0.0,0.0,0.0,0.0,0.941074550151825,0.0,0.0,0.9541679620742798,0.0,0.0,0.0,0.0,0.0,0.0,0.0,0.0,0.0,0.9884252548217773,0.0,0.0,0.9920343160629272,0.0,0.0,0.0,0.0,0.0,0.0,0.0,0.0,0.0,0.9729137420654297,0.0,0.0,0.9800795316696167,0.0,0.0,0.0,0.0,0.0,0.0,0.0,0.0,0.0,0.9703522324562073,0.0,0.0,0.9777621626853943,0.0,0.0,0.0,0.0,0.0,0.0,0.0
0,38.0,0.0,0.9971969127655029,0.9799538850784302,0.9798296093940735,0.9908478856086731,0.0,0.0,0.9974580407142639,0.0,0.0,0.9986939430236816,0.0,0.0,0.0,0.0,0.0,0.0,0.0,0.0,0.0,0.9415348172187805,0.0,0.0,0.9545249938964844,0.0,0.0,0.0,0.0,0.0,0.0,0.0,0.0,0.0,0.9884064793586731,0.0,0.0,0.9920846223831177,0.0,0.0,0.0,0.0,0.0,0.0,0.0,0.0,0.0,0.9732475876808167,0.0,0.0,0.9804150462150574,0.0,0.0,0.0,0.0,0.0,0.0,0.0,0.0,0.0,0.9705535173416138,0.0,0.0,0.9778405427932739,0.0,0.0,0.0,0.0,0.0,0.0,0.0
0,39.0,0.0,0.9971100091934204,0.9796616435050964,0.9795379638671875,0.9907150864601135,0.0,0.0,0.9974403381347656,0.0,0.0,0.9986620545387268,0.0,0.0,0.0,0.0,0.0,0.0,0.0,0.0,0.0,0.940990686416626,0.0,0.0,0.9542521238327026,0.0,0.0,0.0,0.0,0.0,0.0,0.0,0.0,0.0,0.9881466031074524,0.0,0.0,0.9919337630271912,0.0,0.0,0.0,0.0,0.0,0.0,0.0,0.0,0.0,0.9730556607246399,0.0,0.0,0.9801075458526611,0.0,0.0,0.0,0.0,0.0,0.0,0.0,0.0,0.0,0.9701730012893677,0.0,0.0,0.9776477813720703,0.0,0.0,0.0,0.0,0.0,0.0,0.0
0,40.0,0.0,0.9972622394561768,0.9801790714263916,0.9799774885177612,0.9909443855285645,0.0,0.0,0.997572124004364,0.0,0.0,0.9987398386001587,0.0,0.0,0.0,0.0,0.0,0.0,0.0,0.0,0.0,0.9420284628868103,0.0,0.0,0.9546308517456055,0.0,0.0,0.0,0.0,0.0,0.0,0.0,0.0,0.0,0.9884940385818481,0.0,0.0,0.9921243190765381,0.0,0.0,0.0,0.0,0.0,0.0,0.0,0.0,0.0,0.9734396934509277,0.0,0.0,0.9805632829666138,0.0,0.0,0.0,0.0,0.0,0.0,0.0,0.0,0.0,0.9706193804740906,0.0,0.0,0.9779594540596008,0.0,0.0,0.0,0.0,0.0,0.0,0.0
0,41.0,0.0,0.9972598552703857,0.9802080392837524,0.9800149202346802,0.9909154176712036,0.0,0.0,0.9975801110267639,0.0,0.0,0.9987475275993347,0.0,0.0,0.0,0.0,0.0,0.0,0.0,0.0,0.0,0.9421278238296509,0.0,0.0,0.9548785090446472,0.0,0.0,0.0,0.0,0.0,0.0,0.0,0.0,0.0,0.9885063171386719,0.0,0.0,0.9921488165855408,0.0,0.0,0.0,0.0,0.0,0.0,0.0,0.0,0.0,0.9734030365943909,0.0,0.0,0.9805590510368347,0.0,0.0,0.0,0.0,0.0,0.0,0.0,0.0,0.0,0.9707449078559875,0.0,0.0,0.9780615568161011,0.0,0.0,0.0,0.0,0.0,0.0,0.0
0,42.0,0.0,0.9972448945045471,0.9801042079925537,0.9800128936767578,0.9909937977790833,0.0,0.0,0.997535228729248,0.0,0.0,0.9987456202507019,0.0,0.0,0.0,0.0,0.0,0.0,0.0,0.0,0.0,0.9422613382339478,0.0,0.0,0.9547369480133057,0.0,0.0,0.0,0.0,0.0,0.0,0.0,0.0,0.0,0.9885619878768921,0.0,0.0,0.9921252727508545,0.0,0.0,0.0,0.0,0.0,0.0,0.0,0.0,0.0,0.9735506176948547,0.0,0.0,0.9806237816810608,0.0,0.0,0.0,0.0,0.0,0.0,0.0,0.0,0.0,0.9707359671592712,0.0,0.0,0.9781224131584167,0.0,0.0,0.0,0.0,0.0,0.0,0.0
0,43.0,0.0,0.9972810745239258,0.9804201126098633,0.9802399277687073,0.9910990595817566,0.0,0.0,0.9975962042808533,0.0,0.0,0.9987776279449463,0.0,0.0,0.0,0.0,0.0,0.0,0.0,0.0,0.0,0.9426856637001038,0.0,0.0,0.9554035067558289,0.0,0.0,0.0,0.0,0.0,0.0,0.0,0.0,0.0,0.9886027574539185,0.0,0.0,0.9922550320625305,0.0,0.0,0.0,0.0,0.0,0.0,0.0,0.0,0.0,0.9739018082618713,0.0,0.0,0.9808878898620605,0.0,0.0,0.0,0.0,0.0,0.0,0.0,0.0,0.0,0.9709315896034241,0.0,0.0,0.9783121943473816,0.0,0.0,0.0,0.0,0.0,0.0,0.0
0,44.0,0.0,0.9972237944602966,0.9803245067596436,0.9802047610282898,0.9910075664520264,0.0,0.0,0.9975200891494751,0.0,0.0,0.9987104535102844,0.0,0.0,0.0,0.0,0.0,0.0,0.0,0.0,0.0,0.9426928162574768,0.0,0.0,0.955102801322937,0.0,0.0,0.0,0.0,0.0,0.0,0.0,0.0,0.0,0.9886234402656555,0.0,0.0,0.9922748804092407,0.0,0.0,0.0,0.0,0.0,0.0,0.0,0.0,0.0,0.9737837314605713,0.0,0.0,0.9808780550956726,0.0,0.0,0.0,0.0,0.0,0.0,0.0,0.0,0.0,0.9709104895591736,0.0,0.0,0.9782698154449463,0.0,0.0,0.0,0.0,0.0,0.0,0.0
0,45.0,0.0,0.9973056316375732,0.9803683757781982,0.9803107380867004,0.990976870059967,0.0,0.0,0.9975998401641846,0.0,0.0,0.9987691044807434,0.0,0.0,0.0,0.0,0.0,0.0,0.0,0.0,0.0,0.9429277777671814,0.0,0.0,0.9554685354232788,0.0,0.0,0.0,0.0,0.0,0.0,0.0,0.0,0.0,0.9886881709098816,0.0,0.0,0.9922677278518677,0.0,0.0,0.0,0.0,0.0,0.0,0.0,0.0,0.0,0.9738182425498962,0.0,0.0,0.980983555316925,0.0,0.0,0.0,0.0,0.0,0.0,0.0,0.0,0.0,0.9710079431533813,0.0,0.0,0.9784203767776489,0.0,0.0,0.0,0.0,0.0,0.0,0.0
0,46.0,0.0,0.997327983379364,0.9805589914321899,0.9804225564002991,0.9910293221473694,0.0,0.0,0.997607946395874,0.0,0.0,0.9987739324569702,0.0,0.0,0.0,0.0,0.0,0.0,0.0,0.0,0.0,0.9430978894233704,0.0,0.0,0.9554991722106934,0.0,0.0,0.0,0.0,0.0,0.0,0.0,0.0,0.0,0.9886948466300964,0.0,0.0,0.9923090934753418,0.0,0.0,0.0,0.0,0.0,0.0,0.0,0.0,0.0,0.9740748405456543,0.0,0.0,0.9808622002601624,0.0,0.0,0.0,0.0,0.0,0.0,0.0,0.0,0.0,0.9711909294128418,0.0,0.0,0.9785618185997009,0.0,0.0,0.0,0.0,0.0,0.0,0.0
0,47.0,0.0,0.9973387122154236,0.9805475473403931,0.9804118871688843,0.991132378578186,0.0,0.0,0.9976459741592407,0.0,0.0,0.9987778663635254,0.0,0.0,0.0,0.0,0.0,0.0,0.0,0.0,0.0,0.9429897665977478,0.0,0.0,0.9555253982543945,0.0,0.0,0.0,0.0,0.0,0.0,0.0,0.0,0.0,0.9887425303459167,0.0,0.0,0.992305338382721,0.0,0.0,0.0,0.0,0.0,0.0,0.0,0.0,0.0,0.9740288853645325,0.0,0.0,0.9810222387313843,0.0,0.0,0.0,0.0,0.0,0.0,0.0,0.0,0.0,0.9712703824043274,0.0,0.0,0.9785446524620056,0.0,0.0,0.0,0.0,0.0,0.0,0.0
0,48.0,0.0,0.9973711371421814,0.9806960225105286,0.9806889891624451,0.9911607503890991,0.0,0.0,0.9976775050163269,0.0,0.0,0.9988043904304504,0.0,0.0,0.0,0.0,0.0,0.0,0.0,0.0,0.0,0.9434283971786499,0.0,0.0,0.9559404253959656,0.0,0.0,0.0,0.0,0.0,0.0,0.0,0.0,0.0,0.9888060688972473,0.0,0.0,0.9923995137214661,0.0,0.0,0.0,0.0,0.0,0.0,0.0,0.0,0.0,0.9742346405982971,0.0,0.0,0.981224000453949,0.0,0.0,0.0,0.0,0.0,0.0,0.0,0.0,0.0,0.9713891744613647,0.0,0.0,0.9786021709442139,0.0,0.0,0.0,0.0,0.0,0.0,0.0
0,49.0,0.0,0.9974013566970825,0.9809136986732483,0.9807735681533813,0.9911181926727295,0.0,0.0,0.9977063536643982,0.0,0.0,0.9988230466842651,0.0,0.0,0.0,0.0,0.0,0.0,0.0,0.0,0.0,0.9436154961585999,0.0,0.0,0.9558500647544861,0.0,0.0,0.0,0.0,0.0,0.0,0.0,0.0,0.0,0.9888134598731995,0.0,0.0,0.992417573928833,0.0,0.0,0.0,0.0,0.0,0.0,0.0,0.0,0.0,0.9743388891220093,0.0,0.0,0.9812682271003723,0.0,0.0,0.0,0.0,0.0,0.0,0.0,0.0,0.0,0.9716318249702454,0.0,0.0,0.9787793755531311,0.0,0.0,0.0,0.0,0.0,0.0,0.0
0,50.0,0.0,0.9973577857017517,0.9808763265609741,0.9807937741279602,0.9911167025566101,0.0,0.0,0.997660219669342,0.0,0.0,0.9988008141517639,0.0,0.0,0.0,0.0,0.0,0.0,0.0,0.0,0.0,0.943689227104187,0.0,0.0,0.9557449817657471,0.0,0.0,0.0,0.0,0.0,0.0,0.0,0.0,0.0,0.9888597726821899,0.0,0.0,0.9923467636108398,0.0,0.0,0.0,0.0,0.0,0.0,0.0,0.0,0.0,0.9743104577064514,0.0,0.0,0.9812970757484436,0.0,0.0,0.0,0.0,0.0,0.0,0.0,0.0,0.0,0.9716521501541138,0.0,0.0,0.9788657426834106,0.0,0.0,0.0,0.0,0.0,0.0,0.0
0,51.0,0.0,0.9973368048667908,0.9808652997016907,0.9806990623474121,0.9910942316055298,0.0,0.0,0.9975999593734741,0.0,0.0,0.9987728595733643,0.0,0.0,0.0,0.0,0.0,0.0,0.0,0.0,0.0,0.9437873959541321,0.0,0.0,0.9562230110168457,0.0,0.0,0.0,0.0,0.0,0.0,0.0,0.0,0.0,0.9887955188751221,0.0,0.0,0.9924353361129761,0.0,0.0,0.0,0.0,0.0,0.0,0.0,0.0,0.0,0.974385142326355,0.0,0.0,0.9813151359558105,0.0,0.0,0.0,0.0,0.0,0.0,0.0,0.0,0.0,0.9716387391090393,0.0,0.0,0.9788302779197693,0.0,0.0,0.0,0.0,0.0,0.0,0.0
0,52.0,0.0,0.9974101185798645,0.9810650944709778,0.9808894991874695,0.991142749786377,0.0,0.0,0.9976921677589417,0.0,0.0,0.998811662197113,0.0,0.0,0.0,0.0,0.0,0.0,0.0,0.0,0.0,0.9439893960952759,0.0,0.0,0.956028163433075,0.0,0.0,0.0,0.0,0.0,0.0,0.0,0.0,0.0,0.9888522624969482,0.0,0.0,0.9924513101577759,0.0,0.0,0.0,0.0,0.0,0.0,0.0,0.0,0.0,0.9744543433189392,0.0,0.0,0.9813681244850159,0.0,0.0,0.0,0.0,0.0,0.0,0.0,0.0,0.0,0.9716686606407166,0.0,0.0,0.9789257049560547,0.0,0.0,0.0,0.0,0.0,0.0,0.0
0,53.0,0.0,0.9974157810211182,0.9809813499450684,0.9808717370033264,0.9911908507347107,0.0,0.0,0.9976840019226074,0.0,0.0,0.9988113045692444,0.0,0.0,0.0,0.0,0.0,0.0,0.0,0.0,0.0,0.9437931180000305,0.0,0.0,0.9564272165298462,0.0,0.0,0.0,0.0,0.0,0.0,0.0,0.0,0.0,0.9888635873794556,0.0,0.0,0.9924769401550293,0.0,0.0,0.0,0.0,0.0,0.0,0.0,0.0,0.0,0.9743397235870361,0.0,0.0,0.981242835521698,0.0,0.0,0.0,0.0,0.0,0.0,0.0,0.0,0.0,0.971729576587677,0.0,0.0,0.9789867401123047,0.0,0.0,0.0,0.0,0.0,0.0,0.0
0,54.0,0.0,0.9974318742752075,0.9810707569122314,0.9809712767601013,0.9911524653434753,0.0,0.0,0.9976953268051147,0.0,0.0,0.998767614364624,0.0,0.0,0.0,0.0,0.0,0.0,0.0,0.0,0.0,0.943997323513031,0.0,0.0,0.9565532803535461,0.0,0.0,0.0,0.0,0.0,0.0,0.0,0.0,0.0,0.9888941645622253,0.0,0.0,0.9923776388168335,0.0,0.0,0.0,0.0,0.0,0.0,0.0,0.0,0.0,0.974664568901062,0.0,0.0,0.981473982334137,0.0,0.0,0.0,0.0,0.0,0.0,0.0,0.0,0.0,0.9718822836875916,0.0,0.0,0.9790440201759338,0.0,0.0,0.0,0.0,0.0,0.0,0.0
0,55.0,0.0,0.9974945783615112,0.9812366962432861,0.9812002778053284,0.9912369251251221,0.0,0.0,0.9977805614471436,0.0,0.0,0.9988424181938171,0.0,0.0,0.0,0.0,0.0,0.0,0.0,0.0,0.0,0.9442437291145325,0.0,0.0,0.9564894437789917,0.0,0.0,0.0,0.0,0.0,0.0,0.0,0.0,0.0,0.9889975786209106,0.0,0.0,0.9925054907798767,0.0,0.0,0.0,0.0,0.0,0.0,0.0,0.0,0.0,0.9748029112815857,0.0,0.0,0.9816073775291443,0.0,0.0,0.0,0.0,0.0,0.0,0.0,0.0,0.0,0.9720590114593506,0.0,0.0,0.9791560173034668,0.0,0.0,0.0,0.0,0.0,0.0,0.0
0,56.0,0.0,0.9974950551986694,0.981364905834198,0.9813138842582703,0.9912613034248352,0.0,0.0,0.9977792501449585,0.0,0.0,0.9988701939582825,0.0,0.0,0.0,0.0,0.0,0.0,0.0,0.0,0.0,0.9446344375610352,0.0,0.0,0.9567670822143555,0.0,0.0,0.0,0.0,0.0,0.0,0.0,0.0,0.0,0.9889461398124695,0.0,0.0,0.992576003074646,0.0,0.0,0.0,0.0,0.0,0.0,0.0,0.0,0.0,0.9748886823654175,0.0,0.0,0.9817720055580139,0.0,0.0,0.0,0.0,0.0,0.0,0.0,0.0,0.0,0.9721861481666565,0.0,0.0,0.9791244864463806,0.0,0.0,0.0,0.0,0.0,0.0,0.0
0,57.0,0.0,0.9974486827850342,0.9812700152397156,0.9812279939651489,0.991258978843689,0.0,0.0,0.9977388381958008,0.0,0.0,0.9987966418266296,0.0,0.0,0.0,0.0,0.0,0.0,0.0,0.0,0.0,0.9442903995513916,0.0,0.0,0.9566320776939392,0.0,0.0,0.0,0.0,0.0,0.0,0.0,0.0,0.0,0.988997220993042,0.0,0.0,0.9925665259361267,0.0,0.0,0.0,0.0,0.0,0.0,0.0,0.0,0.0,0.9747859835624695,0.0,0.0,0.9816574454307556,0.0,0.0,0.0,0.0,0.0,0.0,0.0,0.0,0.0,0.9722471237182617,0.0,0.0,0.9792467355728149,0.0,0.0,0.0,0.0,0.0,0.0,0.0
0,58.0,0.0,0.9974802732467651,0.9814605116844177,0.9812753200531006,0.9913522005081177,0.0,0.0,0.9977328777313232,0.0,0.0,0.9988114833831787,0.0,0.0,0.0,0.0,0.0,0.0,0.0,0.0,0.0,0.9447550773620605,0.0,0.0,0.9569116830825806,0.0,0.0,0.0,0.0,0.0,0.0,0.0,0.0,0.0,0.9890483021736145,0.0,0.0,0.9924488067626953,0.0,0.0,0.0,0.0,0.0,0.0,0.0,0.0,0.0,0.9749386310577393,0.0,0.0,0.9818146228790283,0.0,0.0,0.0,0.0,0.0,0.0,0.0,0.0,0.0,0.9721495509147644,0.0,0.0,0.9793237447738647,0.0,0.0,0.0,0.0,0.0,0.0,0.0
0,59.0,0.0,0.9975188970565796,0.981346070766449,0.9813504219055176,0.9913350939750671,0.0,0.0,0.9978008270263672,0.0,0.0,0.9988704919815063,0.0,0.0,0.0,0.0,0.0,0.0,0.0,0.0,0.0,0.9447782039642334,0.0,0.0,0.9571413397789001,0.0,0.0,0.0,0.0,0.0,0.0,0.0,0.0,0.0,0.9891065359115601,0.0,0.0,0.9926057457923889,0.0,0.0,0.0,0.0,0.0,0.0,0.0,0.0,0.0,0.9749269485473633,0.0,0.0,0.9818762540817261,0.0,0.0,0.0,0.0,0.0,0.0,0.0,0.0,0.0,0.9722802042961121,0.0,0.0,0.9794809222221375,0.0,0.0,0.0,0.0,0.0,0.0,0.0
0,60.0,0.0,0.9975476861000061,0.9816381931304932,0.981529176235199,0.9913003444671631,0.0,0.0,0.9978294372558594,0.0,0.0,0.9988823533058167,0.0,0.0,0.0,0.0,0.0,0.0,0.0,0.0,0.0,0.9449310898780823,0.0,0.0,0.9571564197540283,0.0,0.0,0.0,0.0,0.0,0.0,0.0,0.0,0.0,0.9891270995140076,0.0,0.0,0.9926644563674927,0.0,0.0,0.0,0.0,0.0,0.0,0.0,0.0,0.0,0.9750982522964478,0.0,0.0,0.981908917427063,0.0,0.0,0.0,0.0,0.0,0.0,0.0,0.0,0.0,0.972420871257782,0.0,0.0,0.9795513153076172,0.0,0.0,0.0,0.0,0.0,0.0,0.0
0,61.0,0.0,0.9975218176841736,0.9816032648086548,0.9814987778663635,0.9913181662559509,0.0,0.0,0.99779212474823,0.0,0.0,0.9988760352134705,0.0,0.0,0.0,0.0,0.0,0.0,0.0,0.0,0.0,0.9450860619544983,0.0,0.0,0.9572470188140869,0.0,0.0,0.0,0.0,0.0,0.0,0.0,0.0,0.0,0.9891398549079895,0.0,0.0,0.9926797747612,0.0,0.0,0.0,0.0,0.0,0.0,0.0,0.0,0.0,0.9751310348510742,0.0,0.0,0.9819309115409851,0.0,0.0,0.0,0.0,0.0,0.0,0.0,0.0,0.0,0.9725375771522522,0.0,0.0,0.9795323610305786,0.0,0.0,0.0,0.0,0.0,0.0,0.0
0,62.0,0.0,0.9975768327713013,0.9817291498184204,0.9816114902496338,0.9913470149040222,0.0,0.0,0.997855544090271,0.0,0.0,0.9988965392112732,0.0,0.0,0.0,0.0,0.0,0.0,0.0,0.0,0.0,0.9449715614318848,0.0,0.0,0.9571940302848816,0.0,0.0,0.0,0.0,0.0,0.0,0.0,0.0,0.0,0.9891909956932068,0.0,0.0,0.9926882982254028,0.0,0.0,0.0,0.0,0.0,0.0,0.0,0.0,0.0,0.975320041179657,0.0,0.0,0.982086181640625,0.0,0.0,0.0,0.0,0.0,0.0,0.0,0.0,0.0,0.972648561000824,0.0,0.0,0.9796229004859924,0.0,0.0,0.0,0.0,0.0,0.0,0.0
0,63.0,0.0,0.9975450038909912,0.9818806648254395,0.981675922870636,0.9914392232894897,0.0,0.0,0.9978770017623901,0.0,0.0,0.9989094734191895,0.0,0.0,0.0,0.0,0.0,0.0,0.0,0.0,0.0,0.9455047845840454,0.0,0.0,0.9575667381286621,0.0,0.0,0.0,0.0,0.0,0.0,0.0,0.0,0.0,0.9891907572746277,0.0,0.0,0.9926437735557556,0.0,0.0,0.0,0.0,0.0,0.0,0.0,0.0,0.0,0.9753464460372925,0.0,0.0,0.9821576476097107,0.0,0.0,0.0,0.0,0.0,0.0,0.0,0.0,0.0,0.9726746082305908,0.0,0.0,0.9797143340110779,0.0,0.0,0.0,0.0,0.0,0.0,0.0
0,64.0,0.0,0.9976409673690796,0.9820337295532227,0.9818798899650574,0.9915096759796143,0.0,0.0,0.9979181289672852,0.0,0.0,0.9989322423934937,0.0,0.0,0.0,0.0,0.0,0.0,0.0,0.0,0.0,0.9456940293312073,0.0,0.0,0.9578222036361694,0.0,0.0,0.0,0.0,0.0,0.0,0.0,0.0,0.0,0.989284098148346,0.0,0.0,0.9927915334701538,0.0,0.0,0.0,0.0,0.0,0.0,0.0,0.0,0.0,0.9755955934524536,0.0,0.0,0.9823466539382935,0.0,0.0,0.0,0.0,0.0,0.0,0.0,0.0,0.0,0.9729587435722351,0.0,0.0,0.9799436926841736,0.0,0.0,0.0,0.0,0.0,0.0,0.0
0,65.0,0.0,0.9975667595863342,0.9819455742835999,0.9818086624145508,0.9914728999137878,0.0,0.0,0.9978594183921814,0.0,0.0,0.9989275336265564,0.0,0.0,0.0,0.0,0.0,0.0,0.0,0.0,0.0,0.9457951188087463,0.0,0.0,0.957792341709137,0.0,0.0,0.0,0.0,0.0,0.0,0.0,0.0,0.0,0.9892697930335999,0.0,0.0,0.992709219455719,0.0,0.0,0.0,0.0,0.0,0.0,0.0,0.0,0.0,0.9755879640579224,0.0,0.0,0.9822515845298767,0.0,0.0,0.0,0.0,0.0,0.0,0.0,0.0,0.0,0.9728628396987915,0.0,0.0,0.9798678755760193,0.0,0.0,0.0,0.0,0.0,0.0,0.0
0,66.0,0.0,0.9976258873939514,0.982080340385437,0.9819120764732361,0.9914824366569519,0.0,0.0,0.99786776304245,0.0,0.0,0.9988996386528015,0.0,0.0,0.0,0.0,0.0,0.0,0.0,0.0,0.0,0.9457777738571167,0.0,0.0,0.9577977657318115,0.0,0.0,0.0,0.0,0.0,0.0,0.0,0.0,0.0,0.9892758131027222,0.0,0.0,0.9927666783332825,0.0,0.0,0.0,0.0,0.0,0.0,0.0,0.0,0.0,0.9756568074226379,0.0,0.0,0.9823344945907593,0.0,0.0,0.0,0.0,0.0,0.0,0.0,0.0,0.0,0.9729453921318054,0.0,0.0,0.9799548983573914,0.0,0.0,0.0,0.0,0.0,0.0,0.0
0,67.0,0.0,0.9975652694702148,0.9820826649665833,0.9819705486297607,0.9915204644203186,0.0,0.0,0.9978482723236084,0.0,0.0,0.9989201426506042,0.0,0.0,0.0,0.0,0.0,0.0,0.0,0.0,0.0,0.9459412097930908,0.0,0.0,0.9579179286956787,0.0,0.0,0.0,0.0,0.0,0.0,0.0,0.0,0.0,0.9893631935119629,0.0,0.0,0.9927984476089478,0.0,0.0,0.0,0.0,0.0,0.0,0.0,0.0,0.0,0.9757084250450134,0.0,0.0,0.9823524951934814,0.0,0.0,0.0,0.0,0.0,0.0,0.0,0.0,0.0,0.9729854464530945,0.0,0.0,0.979942798614502,0.0,0.0,0.0,0.0,0.0,0.0,0.0
0,68.0,0.0,0.9976660013198853,0.9822618365287781,0.9821285605430603,0.9915087819099426,0.0,0.0,0.9979310035705566,0.0,0.0,0.9989342093467712,0.0,0.0,0.0,0.0,0.0,0.0,0.0,0.0,0.0,0.9460831880569458,0.0,0.0,0.9581499099731445,0.0,0.0,0.0,0.0,0.0,0.0,0.0,0.0,0.0,0.9893838167190552,0.0,0.0,0.9928562045097351,0.0,0.0,0.0,0.0,0.0,0.0,0.0,0.0,0.0,0.9758426547050476,0.0,0.0,0.9823735356330872,0.0,0.0,0.0,0.0,0.0,0.0,0.0,0.0,0.0,0.9732224345207214,0.0,0.0,0.980155885219574,0.0,0.0,0.0,0.0,0.0,0.0,0.0
0,69.0,0.0,0.9976309537887573,0.9823223352432251,0.9821633100509644,0.9915581941604614,0.0,0.0,0.9978917837142944,0.0,0.0,0.9989174008369446,0.0,0.0,0.0,0.0,0.0,0.0,0.0,0.0,0.0,0.9462723135948181,0.0,0.0,0.958284318447113,0.0,0.0,0.0,0.0,0.0,0.0,0.0,0.0,0.0,0.9894182085990906,0.0,0.0,0.9928617477416992,0.0,0.0,0.0,0.0,0.0,0.0,0.0,0.0,0.0,0.9759430885314941,0.0,0.0,0.9825391173362732,0.0,0.0,0.0,0.0,0.0,0.0,0.0,0.0,0.0,0.9732280969619751,0.0,0.0,0.9801638126373291,0.0,0.0,0.0,0.0,0.0,0.0,0.0
0,70.0,0.0,0.9976633191108704,0.9824032187461853,0.9822177290916443,0.9915947318077087,0.0,0.0,0.9979327917098999,0.0,0.0,0.9989379048347473,0.0,0.0,0.0,0.0,0.0,0.0,0.0,0.0,0.0,0.9464820623397827,0.0,0.0,0.9582154154777527,0.0,0.0,0.0,0.0,0.0,0.0,0.0,0.0,0.0,0.9894035458564758,0.0,0.0,0.9929289221763611,0.0,0.0,0.0,0.0,0.0,0.0,0.0,0.0,0.0,0.9760033488273621,0.0,0.0,0.9826670289039612,0.0,0.0,0.0,0.0,0.0,0.0,0.0,0.0,0.0,0.9734426736831665,0.0,0.0,0.9801872372627258,0.0,0.0,0.0,0.0,0.0,0.0,0.0
0,71.0,0.0,0.9976609945297241,0.9823669195175171,0.9822465777397156,0.9915574789047241,0.0,0.0,0.9979386329650879,0.0,0.0,0.9989508986473083,0.0,0.0,0.0,0.0,0.0,0.0,0.0,0.0,0.0,0.9462992548942566,0.0,0.0,0.9584720730781555,0.0,0.0,0.0,0.0,0.0,0.0,0.0,0.0,0.0,0.9894003868103027,0.0,0.0,0.9927746653556824,0.0,0.0,0.0,0.0,0.0,0.0,0.0,0.0,0.0,0.9759724736213684,0.0,0.0,0.9825917482376099,0.0,0.0,0.0,0.0,0.0,0.0,0.0,0.0,0.0,0.9733876585960388,0.0,0.0,0.9802212715148926,0.0,0.0,0.0,0.0,0.0,0.0,0.0
0,72.0,0.0,0.9974797964096069,0.9815441966056824,0.9814566373825073,0.9912485480308533,0.0,0.0,0.9977633953094482,0.0,0.0,0.9988191723823547,0.0,0.0,0.0,0.0,0.0,0.0,0.0,0.0,0.0,0.9450168013572693,0.0,0.0,0.9572373628616333,0.0,0.0,0.0,0.0,0.0,0.0,0.0,0.0,0.0,0.9890127778053284,0.0,0.0,0.9925091862678528,0.0,0.0,0.0,0.0,0.0,0.0,0.0,0.0,0.0,0.9750419855117798,0.0,0.0,0.9818737506866455,0.0,0.0,0.0,0.0,0.0,0.0,0.0,0.0,0.0,0.9722544550895691,0.0,0.0,0.9793701171875,0.0,0.0,0.0,0.0,0.0,0.0,0.0
0,73.0,0.0,0.9977126717567444,0.9825651049613953,0.9824524521827698,0.9916408658027649,0.0,0.0,0.9979649186134338,0.0,0.0,0.9989595413208008,0.0,0.0,0.0,0.0,0.0,0.0,0.0,0.0,0.0,0.9467606544494629,0.0,0.0,0.9587131142616272,0.0,0.0,0.0,0.0,0.0,0.0,0.0,0.0,0.0,0.9895221590995789,0.0,0.0,0.992951512336731,0.0,0.0,0.0,0.0,0.0,0.0,0.0,0.0,0.0,0.9762224555015564,0.0,0.0,0.9828169941902161,0.0,0.0,0.0,0.0,0.0,0.0,0.0,0.0,0.0,0.9736231565475464,0.0,0.0,0.9804476499557495,0.0,0.0,0.0,0.0,0.0,0.0,0.0
0,74.0,0.0,0.9976850748062134,0.9824569225311279,0.9824507832527161,0.991607666015625,0.0,0.0,0.9979334473609924,0.0,0.0,0.9989415407180786,0.0,0.0,0.0,0.0,0.0,0.0,0.0,0.0,0.0,0.946733832359314,0.0,0.0,0.9586489200592041,0.0,0.0,0.0,0.0,0.0,0.0,0.0,0.0,0.0,0.9895289540290833,0.0,0.0,0.9929186105728149,0.0,0.0,0.0,0.0,0.0,0.0,0.0,0.0,0.0,0.9761826992034912,0.0,0.0,0.9828561544418335,0.0,0.0,0.0,0.0,0.0,0.0,0.0,0.0,0.0,0.9735972881317139,0.0,0.0,0.9805025458335876,0.0,0.0,0.0,0.0,0.0,0.0,0.0
0,75.0,0.0,0.9976988434791565,0.9826977849006653,0.9825549721717834,0.9916937351226807,0.0,0.0,0.9979774951934814,0.0,0.0,0.9989470839500427,0.0,0.0,0.0,0.0,0.0,0.0,0.0,0.0,0.0,0.9469934701919556,0.0,0.0,0.9588583111763,0.0,0.0,0.0,0.0,0.0,0.0,0.0,0.0,0.0,0.9895508289337158,0.0,0.0,0.9929828643798828,0.0,0.0,0.0,0.0,0.0,0.0,0.0,0.0,0.0,0.9763875603675842,0.0,0.0,0.9829432368278503,0.0,0.0,0.0,0.0,0.0,0.0,0.0,0.0,0.0,0.9737645387649536,0.0,0.0,0.980599045753479,0.0,0.0,0.0,0.0,0.0,0.0,0.0
0,76.0,0.0,0.9977020025253296,0.9825694561004639,0.9824967384338379,0.9916977286338806,0.0,0.0,0.9979663491249084,0.0,0.0,0.9989635944366455,0.0,0.0,0.0,0.0,0.0,0.0,0.0,0.0,0.0,0.9470012187957764,0.0,0.0,0.9588444828987122,0.0,0.0,0.0,0.0,0.0,0.0,0.0,0.0,0.0,0.9895429611206055,0.0,0.0,0.9929401874542236,0.0,0.0,0.0,0.0,0.0,0.0,0.0,0.0,0.0,0.9763319492340088,0.0,0.0,0.9829860329627991,0.0,0.0,0.0,0.0,0.0,0.0,0.0,0.0,0.0,0.9737168550491333,0.0,0.0,0.9803838729858398,0.0,0.0,0.0,0.0,0.0,0.0,0.0
0,77.0,0.0,0.9977713823318481,0.9827876091003418,0.9825682640075684,0.99168860912323,0.0,0.0,0.9980126619338989,0.0,0.0,0.9989804029464722,0.0,0.0,0.0,0.0,0.0,0.0,0.0,0.0,0.0,0.9471220374107361,0.0,0.0,0.9589323401451111,0.0,0.0,0.0,0.0,0.0,0.0,0.0,0.0,0.0,0.989607036113739,0.0,0.0,0.9930100440979004,0.0,0.0,0.0,0.0,0.0,0.0,0.0,0.0,0.0,0.9764000773429871,0.0,0.0,0.9830297231674194,0.0,0.0,0.0,0.0,0.0,0.0,0.0,0.0,0.0,0.973924458026886,0.0,0.0,0.9806738495826721,0.0,0.0,0.0,0.0,0.0,0.0,0.0
0,78.0,0.0,0.9977561831474304,0.9828008413314819,0.9827017188072205,0.9917285442352295,0.0,0.0,0.9980157017707825,0.0,0.0,0.9989979267120361,0.0,0.0,0.0,0.0,0.0,0.0,0.0,0.0,0.0,0.9473543167114258,0.0,0.0,0.9588412046432495,0.0,0.0,0.0,0.0,0.0,0.0,0.0,0.0,0.0,0.9896419644355774,0.0,0.0,0.9930174946784973,0.0,0.0,0.0,0.0,0.0,0.0,0.0,0.0,0.0,0.9765869379043579,0.0,0.0,0.9830622673034668,0.0,0.0,0.0,0.0,0.0,0.0,0.0,0.0,0.0,0.9739812016487122,0.0,0.0,0.9807365536689758,0.0,0.0,0.0,0.0,0.0,0.0,0.0
0,79.0,0.0,0.9977532625198364,0.9828890562057495,0.9827402830123901,0.9917209148406982,0.0,0.0,0.9980159997940063,0.0,0.0,0.9989905953407288,0.0,0.0,0.0,0.0,0.0,0.0,0.0,0.0,0.0,0.9473556876182556,0.0,0.0,0.9589647054672241,0.0,0.0,0.0,0.0,0.0,0.0,0.0,0.0,0.0,0.9896261692047119,0.0,0.0,0.993074357509613,0.0,0.0,0.0,0.0,0.0,0.0,0.0,0.0,0.0,0.976603090763092,0.0,0.0,0.983142614364624,0.0,0.0,0.0,0.0,0.0,0.0,0.0,0.0,0.0,0.9739893674850464,0.0,0.0,0.9807280898094177,0.0,0.0,0.0,0.0,0.0,0.0,0.0
0,80.0,0.0,0.9977688789367676,0.9828948378562927,0.9827960729598999,0.9917596578598022,0.0,0.0,0.9980208873748779,0.0,0.0,0.9989827275276184,0.0,0.0,0.0,0.0,0.0,0.0,0.0,0.0,0.0,0.9470588564872742,0.0,0.0,0.9592171907424927,0.0,0.0,0.0,0.0,0.0,0.0,0.0,0.0,0.0,0.9896337985992432,0.0,0.0,0.9930601716041565,0.0,0.0,0.0,0.0,0.0,0.0,0.0,0.0,0.0,0.9765340685844421,0.0,0.0,0.9831833243370056,0.0,0.0,0.0,0.0,0.0,0.0,0.0,0.0,0.0,0.9739522337913513,0.0,0.0,0.9808469414710999,0.0,0.0,0.0,0.0,0.0,0.0,0.0
0,81.0,0.0,0.9978064894676208,0.9830807447433472,0.9829138517379761,0.9918072819709778,0.0,0.0,0.9980510473251343,0.0,0.0,0.9990179538726807,0.0,0.0,0.0,0.0,0.0,0.0,0.0,0.0,0.0,0.94764244556427,0.0,0.0,0.9593254327774048,0.0,0.0,0.0,0.0,0.0,0.0,0.0,0.0,0.0,0.9897279739379883,0.0,0.0,0.993125855922699,0.0,0.0,0.0,0.0,0.0,0.0,0.0,0.0,0.0,0.9766936302185059,0.0,0.0,0.983270525932312,0.0,0.0,0.0,0.0,0.0,0.0,0.0,0.0,0.0,0.9741883277893066,0.0,0.0,0.980914831161499,0.0,0.0,0.0,0.0,0.0,0.0,0.0
0,82.0,0.0,0.9977995753288269,0.9830901026725769,0.9830412268638611,0.9917386770248413,0.0,0.0,0.9980515241622925,0.0,0.0,0.999016284942627,0.0,0.0,0.0,0.0,0.0,0.0,0.0,0.0,0.0,0.947333574295044,0.0,0.0,0.9594606757164001,0.0,0.0,0.0,0.0,0.0,0.0,0.0,0.0,0.0,0.9896396994590759,0.0,0.0,0.9930315017700195,0.0,0.0,0.0,0.0,0.0,0.0,0.0,0.0,0.0,0.9768086671829224,0.0,0.0,0.9833160638809204,0.0,0.0,0.0,0.0,0.0,0.0,0.0,0.0,0.0,0.9742485284805298,0.0,0.0,0.9809988737106323,0.0,0.0,0.0,0.0,0.0,0.0,0.0
0,83.0,0.0,0.9978102445602417,0.9831647872924805,0.9830453395843506,0.9917988777160645,0.0,0.0,0.9980642795562744,0.0,0.0,0.9990175366401672,0.0,0.0,0.0,0.0,0.0,0.0,0.0,0.0,0.0,0.9476883411407471,0.0,0.0,0.9595326781272888,0.0,0.0,0.0,0.0,0.0,0.0,0.0,0.0,0.0,0.9897647500038147,0.0,0.0,0.9931148886680603,0.0,0.0,0.0,0.0,0.0,0.0,0.0,0.0,0.0,0.9768973588943481,0.0,0.0,0.9833675622940063,0.0,0.0,0.0,0.0,0.0,0.0,0.0,0.0,0.0,0.9743801355361938,0.0,0.0,0.9810377359390259,0.0,0.0,0.0,0.0,0.0,0.0,0.0
0,84.0,0.0,0.9977995753288269,0.9832050204277039,0.9829963445663452,0.9918226003646851,0.0,0.0,0.9980452656745911,0.0,0.0,0.9990199208259583,0.0,0.0,0.0,0.0,0.0,0.0,0.0,0.0,0.0,0.9478339552879333,0.0,0.0,0.9594716429710388,0.0,0.0,0.0,0.0,0.0,0.0,0.0,0.0,0.0,0.9897761344909668,0.0,0.0,0.993110716342926,0.0,0.0,0.0,0.0,0.0,0.0,0.0,0.0,0.0,0.976951539516449,0.0,0.0,0.9833119511604309,0.0,0.0,0.0,0.0,0.0,0.0,0.0,0.0,0.0,0.974314272403717,0.0,0.0,0.9810498952865601,0.0,0.0,0.0,0.0,0.0,0.0,0.0
0,85.0,0.0,0.9978061318397522,0.9831918478012085,0.983034074306488,0.9918150901794434,0.0,0.0,0.9980472922325134,0.0,0.0,0.9990123510360718,0.0,0.0,0.0,0.0,0.0,0.0,0.0,0.0,0.0,0.9479811787605286,0.0,0.0,0.9595704674720764,0.0,0.0,0.0,0.0,0.0,0.0,0.0,0.0,0.0,0.9897571206092834,0.0,0.0,0.9931462407112122,0.0,0.0,0.0,0.0,0.0,0.0,0.0,0.0,0.0,0.976997435092926,0.0,0.0,0.9834362864494324,0.0,0.0,0.0,0.0,0.0,0.0,0.0,0.0,0.0,0.9742940068244934,0.0,0.0,0.9809761047363281,0.0,0.0,0.0,0.0,0.0,0.0,0.0
0,86.0,0.0,0.9977993965148926,0.9832568764686584,0.9831600785255432,0.9918559789657593,0.0,0.0,0.9980571866035461,0.0,0.0,0.9990196228027344,0.0,0.0,0.0,0.0,0.0,0.0,0.0,0.0,0.0,0.9479489922523499,0.0,0.0,0.9596714377403259,0.0,0.0,0.0,0.0,0.0,0.0,0.0,0.0,0.0,0.9898244738578796,0.0,0.0,0.9931893348693848,0.0,0.0,0.0,0.0,0.0,0.0,0.0,0.0,0.0,0.9770194292068481,0.0,0.0,0.9834928512573242,0.0,0.0,0.0,0.0,0.0,0.0,0.0,0.0,0.0,0.9744164347648621,0.0,0.0,0.9810636043548584,0.0,0.0,0.0,0.0,0.0,0.0,0.0
0,87.0,0.0,0.9978305697441101,0.9832678437232971,0.9831252694129944,0.9918609857559204,0.0,0.0,0.9980787038803101,0.0,0.0,0.9990341067314148,0.0,0.0,0.0,0.0,0.0,0.0,0.0,0.0,0.0,0.9477315545082092,0.0,0.0,0.9597101807594299,0.0,0.0,0.0,0.0,0.0,0.0,0.0,0.0,0.0,0.989783763885498,0.0,0.0,0.993185818195343,0.0,0.0,0.0,0.0,0.0,0.0,0.0,0.0,0.0,0.9770838022232056,0.0,0.0,0.9834684133529663,0.0,0.0,0.0,0.0,0.0,0.0,0.0,0.0,0.0,0.9744983911514282,0.0,0.0,0.9811273217201233,0.0,0.0,0.0,0.0,0.0,0.0,0.0
0,88.0,0.0,0.9978604316711426,0.983411967754364,0.9832773804664612,0.9918770790100098,0.0,0.0,0.9980951547622681,0.0,0.0,0.9990374445915222,0.0,0.0,0.0,0.0,0.0,0.0,0.0,0.0,0.0,0.9480404257774353,0.0,0.0,0.9599034190177917,0.0,0.0,0.0,0.0,0.0,0.0,0.0,0.0,0.0,0.9898502230644226,0.0,0.0,0.9931509494781494,0.0,0.0,0.0,0.0,0.0,0.0,0.0,0.0,0.0,0.9771879315376282,0.0,0.0,0.9835935235023499,0.0,0.0,0.0,0.0,0.0,0.0,0.0,0.0,0.0,0.9745999574661255,0.0,0.0,0.9813297390937805,0.0,0.0,0.0,0.0,0.0,0.0,0.0
0,89.0,0.0,0.9978604912757874,0.9833934307098389,0.9832853674888611,0.991884171962738,0.0,0.0,0.9980974197387695,0.0,0.0,0.9990417957305908,0.0,0.0,0.0,0.0,0.0,0.0,0.0,0.0,0.0,0.9482457041740417,0.0,0.0,0.9598417282104492,0.0,0.0,0.0,0.0,0.0,0.0,0.0,0.0,0.0,0.9898236393928528,0.0,0.0,0.9932023882865906,0.0,0.0,0.0,0.0,0.0,0.0,0.0,0.0,0.0,0.9770911335945129,0.0,0.0,0.9836118817329407,0.0,0.0,0.0,0.0,0.0,0.0,0.0,0.0,0.0,0.9746344089508057,0.0,0.0,0.9812811613082886,0.0,0.0,0.0,0.0,0.0,0.0,0.0
0,90.0,0.0,0.997849702835083,0.983439564704895,0.9833265542984009,0.9918921589851379,0.0,0.0,0.9980835914611816,0.0,0.0,0.9990228414535522,0.0,0.0,0.0,0.0,0.0,0.0,0.0,0.0,0.0,0.948279619216919,0.0,0.0,0.9600051045417786,0.0,0.0,0.0,0.0,0.0,0.0,0.0,0.0,0.0,0.9899123311042786,0.0,0.0,0.9932639598846436,0.0,0.0,0.0,0.0,0.0,0.0,0.0,0.0,0.0,0.9771823287010193,0.0,0.0,0.9836355447769165,0.0,0.0,0.0,0.0,0.0,0.0,0.0,0.0,0.0,0.9746704697608948,0.0,0.0,0.9813286066055298,0.0,0.0,0.0,0.0,0.0,0.0,0.0
0,91.0,0.0,0.9978689551353455,0.9834864139556885,0.9833462238311768,0.9919570088386536,0.0,0.0,0.9980955719947815,0.0,0.0,0.9990243315696716,0.0,0.0,0.0,0.0,0.0,0.0,0.0,0.0,0.0,0.948475182056427,0.0,0.0,0.9600613117218018,0.0,0.0,0.0,0.0,0.0,0.0,0.0,0.0,0.0,0.9898650050163269,0.0,0.0,0.9932230710983276,0.0,0.0,0.0,0.0,0.0,0.0,0.0,0.0,0.0,0.9772763848304749,0.0,0.0,0.9837663173675537,0.0,0.0,0.0,0.0,0.0,0.0,0.0,0.0,0.0,0.974722683429718,0.0,0.0,0.9813947677612305,0.0,0.0,0.0,0.0,0.0,0.0,0.0
0,92.0,0.0,0.9978616237640381,0.9835719466209412,0.9834771752357483,0.9919485449790955,0.0,0.0,0.9981050491333008,0.0,0.0,0.9990439414978027,0.0,0.0,0.0,0.0,0.0,0.0,0.0,0.0,0.0,0.9484539031982422,0.0,0.0,0.9602145552635193,0.0,0.0,0.0,0.0,0.0,0.0,0.0,0.0,0.0,0.9899053573608398,0.0,0.0,0.9932172894477844,0.0,0.0,0.0,0.0,0.0,0.0,0.0,0.0,0.0,0.9773721098899841,0.0,0.0,0.9838210344314575,0.0,0.0,0.0,0.0,0.0,0.0,0.0,0.0,0.0,0.9748361706733704,0.0,0.0,0.9813826680183411,0.0,0.0,0.0,0.0,0.0,0.0,0.0
0,93.0,0.0,0.9978892803192139,0.9837186336517334,0.9835900664329529,0.9919461011886597,0.0,0.0,0.9981237649917603,0.0,0.0,0.9990535378456116,0.0,0.0,0.0,0.0,0.0,0.0,0.0,0.0,0.0,0.9487120509147644,0.0,0.0,0.9603825211524963,0.0,0.0,0.0,0.0,0.0,0.0,0.0,0.0,0.0,0.9899782538414001,0.0,0.0,0.993289053440094,0.0,0.0,0.0,0.0,0.0,0.0,0.0,0.0,0.0,0.9775388240814209,0.0,0.0,0.9838540554046631,0.0,0.0,0.0,0.0,0.0,0.0,0.0,0.0,0.0,0.9749302268028259,0.0,0.0,0.9814839959144592,0.0,0.0,0.0,0.0,0.0,0.0,0.0
0,94.0,0.0,0.9978805184364319,0.9837487936019897,0.9835623502731323,0.9920184016227722,0.0,0.0,0.9981058835983276,0.0,0.0,0.9990474581718445,0.0,0.0,0.0,0.0,0.0,0.0,0.0,0.0,0.0,0.9489802718162537,0.0,0.0,0.9604616165161133,0.0,0.0,0.0,0.0,0.0,0.0,0.0,0.0,0.0,0.9899775385856628,0.0,0.0,0.9933164715766907,0.0,0.0,0.0,0.0,0.0,0.0,0.0,0.0,0.0,0.9776157140731812,0.0,0.0,0.9838944673538208,0.0,0.0,0.0,0.0,0.0,0.0,0.0,0.0,0.0,0.974858283996582,0.0,0.0,0.9815185070037842,0.0,0.0,0.0,0.0,0.0,0.0,0.0
0,95.0,0.0,0.9979009628295898,0.9838045239448547,0.9836611747741699,0.9919745326042175,0.0,0.0,0.9981197714805603,0.0,0.0,0.9990507960319519,0.0,0.0,0.0,0.0,0.0,0.0,0.0,0.0,0.0,0.9492133855819702,0.0,0.0,0.9605903029441833,0.0,0.0,0.0,0.0,0.0,0.0,0.0,0.0,0.0,0.9900027513504028,0.0,0.0,0.9933112263679504,0.0,0.0,0.0,0.0,0.0,0.0,0.0,0.0,0.0,0.9775609374046326,0.0,0.0,0.9840613007545471,0.0,0.0,0.0,0.0,0.0,0.0,0.0,0.0,0.0,0.9749710559844971,0.0,0.0,0.9816213846206665,0.0,0.0,0.0,0.0,0.0,0.0,0.0
0,96.0,0.0,0.9979260563850403,0.9838933348655701,0.9837431311607361,0.9920512437820435,0.0,0.0,0.9981585144996643,0.0,0.0,0.9990701079368591,0.0,0.0,0.0,0.0,0.0,0.0,0.0,0.0,0.0,0.9493542313575745,0.0,0.0,0.960713803768158,0.0,0.0,0.0,0.0,0.0,0.0,0.0,0.0,0.0,0.9899882078170776,0.0,0.0,0.9933195114135742,0.0,0.0,0.0,0.0,0.0,0.0,0.0,0.0,0.0,0.9778174161911011,0.0,0.0,0.9841240048408508,0.0,0.0,0.0,0.0,0.0,0.0,0.0,0.0,0.0,0.9750832319259644,0.0,0.0,0.9816965460777283,0.0,0.0,0.0,0.0,0.0,0.0,0.0
0,97.0,0.0,0.9979153275489807,0.9838770627975464,0.9837356209754944,0.9920217394828796,0.0,0.0,0.9981408715248108,0.0,0.0,0.9990627765655518,0.0,0.0,0.0,0.0,0.0,0.0,0.0,0.0,0.0,0.9494815468788147,0.0,0.0,0.9607722163200378,0.0,0.0,0.0,0.0,0.0,0.0,0.0,0.0,0.0,0.9900560975074768,0.0,0.0,0.9933566451072693,0.0,0.0,0.0,0.0,0.0,0.0,0.0,0.0,0.0,0.9778087139129639,0.0,0.0,0.9841088652610779,0.0,0.0,0.0,0.0,0.0,0.0,0.0,0.0,0.0,0.9750809669494629,0.0,0.0,0.9816065430641174,0.0,0.0,0.0,0.0,0.0,0.0,0.0
0,98.0,0.0,0.9978545904159546,0.9839143753051758,0.9837119579315186,0.9920176267623901,0.0,0.0,0.9980588555335999,0.0,0.0,0.9990529417991638,0.0,0.0,0.0,0.0,0.0,0.0,0.0,0.0,0.0,0.9491748809814453,0.0,0.0,0.9608369469642639,0.0,0.0,0.0,0.0,0.0,0.0,0.0,0.0,0.0,0.9900165796279907,0.0,0.0,0.9933212399482727,0.0,0.0,0.0,0.0,0.0,0.0,0.0,0.0,0.0,0.9777650237083435,0.0,0.0,0.984113335609436,0.0,0.0,0.0,0.0,0.0,0.0,0.0,0.0,0.0,0.9750978350639343,0.0,0.0,0.9816767573356628,0.0,0.0,0.0,0.0,0.0,0.0,0.0
0,99.0,0.0,0.9979079365730286,0.9839749336242676,0.9837893843650818,0.9920800924301147,0.0,0.0,0.9981364011764526,0.0,0.0,0.9990299344062805,0.0,0.0,0.0,0.0,0.0,0.0,0.0,0.0,0.0,0.9495450258255005,0.0,0.0,0.9607900977134705,0.0,0.0,0.0,0.0,0.0,0.0,0.0,0.0,0.0,0.9900692701339722,0.0,0.0,0.9933263063430786,0.0,0.0,0.0,0.0,0.0,0.0,0.0,0.0,0.0,0.9778949618339539,0.0,0.0,0.984123706817627,0.0,0.0,0.0,0.0,0.0,0.0,0.0,0.0,0.0,0.9751543402671814,0.0,0.0,0.9817122220993042,0.0,0.0,0.0,0.0,0.0,0.0,0.0
