index,epoch,rollout_time,msl,u10,v10,t2m,z1000,z925,z850,z700,z600,z500,z400,z300,z250,z200,z150,z100,z50,q1000,q925,q850,q700,q600,q500,q400,q300,q250,q200,q150,q100,q50,t1000,t925,t850,t700,t600,t500,t400,t300,t250,t200,t150,t100,t50,u1000,u925,u850,u700,u600,u500,u400,u300,u250,u200,u150,u100,u50,v1000,v925,v850,v700,v600,v500,v400,v300,v250,v200,v150,v100,v50
0,0.0,0.0,116.63473510742188,1.3712958097457886,1.3676787614822388,1.0896397829055786,0.0,0.0,94.2657699584961,0.0,0.0,135.51052856445312,0.0,0.0,0.0,0.0,0.0,0.0,0.0,0.0,0.0,1.1078159809112549,0.0,0.0,0.4163092076778412,0.0,0.0,0.0,0.0,0.0,0.0,0.0,0.0,0.0,1.2632122039794922,0.0,0.0,0.9740604162216187,0.0,0.0,0.0,0.0,0.0,0.0,0.0,0.0,0.0,2.2059781551361084,0.0,0.0,2.895418405532837,0.0,0.0,0.0,0.0,0.0,0.0,0.0,0.0,0.0,2.115525245666504,0.0,0.0,2.7279927730560303,0.0,0.0,0.0,0.0,0.0,0.0,0.0
0,1.0,0.0,86.32051849365234,1.1510664224624634,1.1610755920410156,0.908125638961792,0.0,0.0,66.15702056884766,0.0,0.0,90.27336120605469,0.0,0.0,0.0,0.0,0.0,0.0,0.0,0.0,0.0,1.0172148942947388,0.0,0.0,0.3771094083786011,0.0,0.0,0.0,0.0,0.0,0.0,0.0,0.0,0.0,1.0384249687194824,0.0,0.0,0.7825090289115906,0.0,0.0,0.0,0.0,0.0,0.0,0.0,0.0,0.0,1.8905909061431885,0.0,0.0,2.483518123626709,0.0,0.0,0.0,0.0,0.0,0.0,0.0,0.0,0.0,1.8103420734405518,0.0,0.0,2.3320887088775635,0.0,0.0,0.0,0.0,0.0,0.0,0.0
0,2.0,0.0,75.83810424804688,1.0471704006195068,1.0457948446273804,0.8372165560722351,0.0,0.0,57.011505126953125,0.0,0.0,75.95915985107422,0.0,0.0,0.0,0.0,0.0,0.0,0.0,0.0,0.0,0.960454523563385,0.0,0.0,0.35613006353378296,0.0,0.0,0.0,0.0,0.0,0.0,0.0,0.0,0.0,0.9615846276283264,0.0,0.0,0.7105738520622253,0.0,0.0,0.0,0.0,0.0,0.0,0.0,0.0,0.0,1.7380164861679077,0.0,0.0,2.2664988040924072,0.0,0.0,0.0,0.0,0.0,0.0,0.0,0.0,0.0,1.6620259284973145,0.0,0.0,2.144120216369629,0.0,0.0,0.0,0.0,0.0,0.0,0.0
0,3.0,0.0,72.5576400756836,0.9847056865692139,0.9901325106620789,0.8187841176986694,0.0,0.0,52.76259994506836,0.0,0.0,68.17723083496094,0.0,0.0,0.0,0.0,0.0,0.0,0.0,0.0,0.0,0.9220379590988159,0.0,0.0,0.3419345021247864,0.0,0.0,0.0,0.0,0.0,0.0,0.0,0.0,0.0,0.9200344681739807,0.0,0.0,0.6780896186828613,0.0,0.0,0.0,0.0,0.0,0.0,0.0,0.0,0.0,1.647435188293457,0.0,0.0,2.1359758377075195,0.0,0.0,0.0,0.0,0.0,0.0,0.0,0.0,0.0,1.5891094207763672,0.0,0.0,2.0413968563079834,0.0,0.0,0.0,0.0,0.0,0.0,0.0
0,4.0,0.0,67.84896087646484,0.9544896483421326,0.9573661088943481,0.7876577973365784,0.0,0.0,50.08484649658203,0.0,0.0,65.196044921875,0.0,0.0,0.0,0.0,0.0,0.0,0.0,0.0,0.0,0.8991153836250305,0.0,0.0,0.33238983154296875,0.0,0.0,0.0,0.0,0.0,0.0,0.0,0.0,0.0,0.8893970847129822,0.0,0.0,0.6543292999267578,0.0,0.0,0.0,0.0,0.0,0.0,0.0,0.0,0.0,1.5969130992889404,0.0,0.0,2.0620365142822266,0.0,0.0,0.0,0.0,0.0,0.0,0.0,0.0,0.0,1.5465809106826782,0.0,0.0,1.9795310497283936,0.0,0.0,0.0,0.0,0.0,0.0,0.0
0,5.0,0.0,68.2768783569336,0.9376352429389954,0.9383053183555603,0.7830103635787964,0.0,0.0,49.87900924682617,0.0,0.0,64.81802368164062,0.0,0.0,0.0,0.0,0.0,0.0,0.0,0.0,0.0,0.8784372210502625,0.0,0.0,0.3254622519016266,0.0,0.0,0.0,0.0,0.0,0.0,0.0,0.0,0.0,0.8705005049705505,0.0,0.0,0.6397243738174438,0.0,0.0,0.0,0.0,0.0,0.0,0.0,0.0,0.0,1.570807933807373,0.0,0.0,2.015432596206665,0.0,0.0,0.0,0.0,0.0,0.0,0.0,0.0,0.0,1.5129728317260742,0.0,0.0,1.9431425333023071,0.0,0.0,0.0,0.0,0.0,0.0,0.0
0,6.0,0.0,65.48934936523438,0.9219002723693848,0.9239673614501953,0.7704507112503052,0.0,0.0,48.18882369995117,0.0,0.0,62.666500091552734,0.0,0.0,0.0,0.0,0.0,0.0,0.0,0.0,0.0,0.8653439283370972,0.0,0.0,0.32189419865608215,0.0,0.0,0.0,0.0,0.0,0.0,0.0,0.0,0.0,0.853238046169281,0.0,0.0,0.6287153959274292,0.0,0.0,0.0,0.0,0.0,0.0,0.0,0.0,0.0,1.5473734140396118,0.0,0.0,1.9854490756988525,0.0,0.0,0.0,0.0,0.0,0.0,0.0,0.0,0.0,1.4904625415802002,0.0,0.0,1.9105783700942993,0.0,0.0,0.0,0.0,0.0,0.0,0.0
0,7.0,0.0,64.89754486083984,0.9139720797538757,0.9178870320320129,0.7800873517990112,0.0,0.0,47.62593460083008,0.0,0.0,63.4837646484375,0.0,0.0,0.0,0.0,0.0,0.0,0.0,0.0,0.0,0.8574528694152832,0.0,0.0,0.31808075308799744,0.0,0.0,0.0,0.0,0.0,0.0,0.0,0.0,0.0,0.8466789722442627,0.0,0.0,0.6288918852806091,0.0,0.0,0.0,0.0,0.0,0.0,0.0,0.0,0.0,1.5341084003448486,0.0,0.0,1.9802935123443604,0.0,0.0,0.0,0.0,0.0,0.0,0.0,0.0,0.0,1.4771291017532349,0.0,0.0,1.899179458618164,0.0,0.0,0.0,0.0,0.0,0.0,0.0
0,8.0,0.0,64.31280517578125,0.9018492698669434,0.907171905040741,0.7548916339874268,0.0,0.0,47.615142822265625,0.0,0.0,60.6651611328125,0.0,0.0,0.0,0.0,0.0,0.0,0.0,0.0,0.0,0.8489992022514343,0.0,0.0,0.3163759112358093,0.0,0.0,0.0,0.0,0.0,0.0,0.0,0.0,0.0,0.8320515751838684,0.0,0.0,0.6143758893013,0.0,0.0,0.0,0.0,0.0,0.0,0.0,0.0,0.0,1.5138951539993286,0.0,0.0,1.9551366567611694,0.0,0.0,0.0,0.0,0.0,0.0,0.0,0.0,0.0,1.465626835823059,0.0,0.0,1.8777148723602295,0.0,0.0,0.0,0.0,0.0,0.0,0.0
0,9.0,0.0,63.793060302734375,0.8948096036911011,0.8997426629066467,0.753280758857727,0.0,0.0,46.888160705566406,0.0,0.0,59.20238494873047,0.0,0.0,0.0,0.0,0.0,0.0,0.0,0.0,0.0,0.842392086982727,0.0,0.0,0.3130723834037781,0.0,0.0,0.0,0.0,0.0,0.0,0.0,0.0,0.0,0.8247483968734741,0.0,0.0,0.6061313152313232,0.0,0.0,0.0,0.0,0.0,0.0,0.0,0.0,0.0,1.5043941736221313,0.0,0.0,1.932751178741455,0.0,0.0,0.0,0.0,0.0,0.0,0.0,0.0,0.0,1.4545514583587646,0.0,0.0,1.8747282028198242,0.0,0.0,0.0,0.0,0.0,0.0,0.0
0,10.0,0.0,63.60416030883789,0.8951852917671204,0.8947032690048218,0.7486539483070374,0.0,0.0,46.10365295410156,0.0,0.0,58.66494369506836,0.0,0.0,0.0,0.0,0.0,0.0,0.0,0.0,0.0,0.8395254611968994,0.0,0.0,0.3122147023677826,0.0,0.0,0.0,0.0,0.0,0.0,0.0,0.0,0.0,0.8195779919624329,0.0,0.0,0.6024833917617798,0.0,0.0,0.0,0.0,0.0,0.0,0.0,0.0,0.0,1.4979339838027954,0.0,0.0,1.9276971817016602,0.0,0.0,0.0,0.0,0.0,0.0,0.0,0.0,0.0,1.4418652057647705,0.0,0.0,1.8538111448287964,0.0,0.0,0.0,0.0,0.0,0.0,0.0
0,11.0,0.0,62.71782302856445,0.8849565386772156,0.8883341550827026,0.751148521900177,0.0,0.0,45.666011810302734,0.0,0.0,58.336952209472656,0.0,0.0,0.0,0.0,0.0,0.0,0.0,0.0,0.0,0.8344472050666809,0.0,0.0,0.31014448404312134,0.0,0.0,0.0,0.0,0.0,0.0,0.0,0.0,0.0,0.815981924533844,0.0,0.0,0.5969340801239014,0.0,0.0,0.0,0.0,0.0,0.0,0.0,0.0,0.0,1.4899652004241943,0.0,0.0,1.9132459163665771,0.0,0.0,0.0,0.0,0.0,0.0,0.0,0.0,0.0,1.439362645149231,0.0,0.0,1.8451504707336426,0.0,0.0,0.0,0.0,0.0,0.0,0.0
0,12.0,0.0,62.22543716430664,0.8812636137008667,0.8835639357566833,0.7435022592544556,0.0,0.0,45.482948303222656,0.0,0.0,57.050498962402344,0.0,0.0,0.0,0.0,0.0,0.0,0.0,0.0,0.0,0.8298481702804565,0.0,0.0,0.30901631712913513,0.0,0.0,0.0,0.0,0.0,0.0,0.0,0.0,0.0,0.8095247149467468,0.0,0.0,0.5911403894424438,0.0,0.0,0.0,0.0,0.0,0.0,0.0,0.0,0.0,1.4825183153152466,0.0,0.0,1.9041602611541748,0.0,0.0,0.0,0.0,0.0,0.0,0.0,0.0,0.0,1.434743881225586,0.0,0.0,1.8377209901809692,0.0,0.0,0.0,0.0,0.0,0.0,0.0
0,13.0,0.0,62.11806869506836,0.8780434727668762,0.8806995749473572,0.7396858334541321,0.0,0.0,45.301910400390625,0.0,0.0,56.79307174682617,0.0,0.0,0.0,0.0,0.0,0.0,0.0,0.0,0.0,0.825650155544281,0.0,0.0,0.3072466254234314,0.0,0.0,0.0,0.0,0.0,0.0,0.0,0.0,0.0,0.8079760670661926,0.0,0.0,0.5891740322113037,0.0,0.0,0.0,0.0,0.0,0.0,0.0,0.0,0.0,1.4726790189743042,0.0,0.0,1.8968209028244019,0.0,0.0,0.0,0.0,0.0,0.0,0.0,0.0,0.0,1.4243357181549072,0.0,0.0,1.8360304832458496,0.0,0.0,0.0,0.0,0.0,0.0,0.0
0,14.0,0.0,62.210811614990234,0.876230001449585,0.879389762878418,0.7470158934593201,0.0,0.0,45.80463409423828,0.0,0.0,58.230716705322266,0.0,0.0,0.0,0.0,0.0,0.0,0.0,0.0,0.0,0.8245067000389099,0.0,0.0,0.3064282238483429,0.0,0.0,0.0,0.0,0.0,0.0,0.0,0.0,0.0,0.8037983775138855,0.0,0.0,0.5858830213546753,0.0,0.0,0.0,0.0,0.0,0.0,0.0,0.0,0.0,1.4730147123336792,0.0,0.0,1.8950142860412598,0.0,0.0,0.0,0.0,0.0,0.0,0.0,0.0,0.0,1.4230964183807373,0.0,0.0,1.8274340629577637,0.0,0.0,0.0,0.0,0.0,0.0,0.0
0,15.0,0.0,61.22704315185547,0.8719602227210999,0.8723559379577637,0.7332723140716553,0.0,0.0,44.539756774902344,0.0,0.0,55.956268310546875,0.0,0.0,0.0,0.0,0.0,0.0,0.0,0.0,0.0,0.8204450607299805,0.0,0.0,0.30577775835990906,0.0,0.0,0.0,0.0,0.0,0.0,0.0,0.0,0.0,0.7986830472946167,0.0,0.0,0.5836771130561829,0.0,0.0,0.0,0.0,0.0,0.0,0.0,0.0,0.0,1.465315818786621,0.0,0.0,1.883738398551941,0.0,0.0,0.0,0.0,0.0,0.0,0.0,0.0,0.0,1.4145056009292603,0.0,0.0,1.816272258758545,0.0,0.0,0.0,0.0,0.0,0.0,0.0
0,16.0,0.0,60.65324020385742,0.8693953156471252,0.8737295866012573,0.7361087799072266,0.0,0.0,44.135345458984375,0.0,0.0,55.92557144165039,0.0,0.0,0.0,0.0,0.0,0.0,0.0,0.0,0.0,0.8211932182312012,0.0,0.0,0.3048827350139618,0.0,0.0,0.0,0.0,0.0,0.0,0.0,0.0,0.0,0.7982051968574524,0.0,0.0,0.5837895274162292,0.0,0.0,0.0,0.0,0.0,0.0,0.0,0.0,0.0,1.46271812915802,0.0,0.0,1.8808187246322632,0.0,0.0,0.0,0.0,0.0,0.0,0.0,0.0,0.0,1.414292335510254,0.0,0.0,1.8172115087509155,0.0,0.0,0.0,0.0,0.0,0.0,0.0
0,17.0,0.0,60.81245803833008,0.867317795753479,0.8664580583572388,0.7306703329086304,0.0,0.0,44.22227096557617,0.0,0.0,56.28166961669922,0.0,0.0,0.0,0.0,0.0,0.0,0.0,0.0,0.0,0.8171348571777344,0.0,0.0,0.30408135056495667,0.0,0.0,0.0,0.0,0.0,0.0,0.0,0.0,0.0,0.7991677522659302,0.0,0.0,0.5822529196739197,0.0,0.0,0.0,0.0,0.0,0.0,0.0,0.0,0.0,1.4565085172653198,0.0,0.0,1.876468300819397,0.0,0.0,0.0,0.0,0.0,0.0,0.0,0.0,0.0,1.4082714319229126,0.0,0.0,1.8041325807571411,0.0,0.0,0.0,0.0,0.0,0.0,0.0
0,18.0,0.0,60.780704498291016,0.8655927777290344,0.8679926991462708,0.7308037281036377,0.0,0.0,44.484745025634766,0.0,0.0,56.74697494506836,0.0,0.0,0.0,0.0,0.0,0.0,0.0,0.0,0.0,0.8170456290245056,0.0,0.0,0.30302900075912476,0.0,0.0,0.0,0.0,0.0,0.0,0.0,0.0,0.0,0.7939931154251099,0.0,0.0,0.5762948989868164,0.0,0.0,0.0,0.0,0.0,0.0,0.0,0.0,0.0,1.4526790380477905,0.0,0.0,1.867084264755249,0.0,0.0,0.0,0.0,0.0,0.0,0.0,0.0,0.0,1.4055216312408447,0.0,0.0,1.8036656379699707,0.0,0.0,0.0,0.0,0.0,0.0,0.0
0,19.0,0.0,59.82160186767578,0.8602803945541382,0.8626007437705994,0.7269911170005798,0.0,0.0,43.464473724365234,0.0,0.0,54.73991394042969,0.0,0.0,0.0,0.0,0.0,0.0,0.0,0.0,0.0,0.8145098090171814,0.0,0.0,0.30248844623565674,0.0,0.0,0.0,0.0,0.0,0.0,0.0,0.0,0.0,0.8000339269638062,0.0,0.0,0.5747111439704895,0.0,0.0,0.0,0.0,0.0,0.0,0.0,0.0,0.0,1.4539076089859009,0.0,0.0,1.864113211631775,0.0,0.0,0.0,0.0,0.0,0.0,0.0,0.0,0.0,1.3985865116119385,0.0,0.0,1.7976958751678467,0.0,0.0,0.0,0.0,0.0,0.0,0.0
0,20.0,0.0,59.68073654174805,0.8582121729850769,0.8613331913948059,0.7279367446899414,0.0,0.0,43.53478240966797,0.0,0.0,54.87397766113281,0.0,0.0,0.0,0.0,0.0,0.0,0.0,0.0,0.0,0.8128259778022766,0.0,0.0,0.3017716109752655,0.0,0.0,0.0,0.0,0.0,0.0,0.0,0.0,0.0,0.7919211387634277,0.0,0.0,0.573715329170227,0.0,0.0,0.0,0.0,0.0,0.0,0.0,0.0,0.0,1.4500515460968018,0.0,0.0,1.862407922744751,0.0,0.0,0.0,0.0,0.0,0.0,0.0,0.0,0.0,1.3984556198120117,0.0,0.0,1.7995388507843018,0.0,0.0,0.0,0.0,0.0,0.0,0.0
0,21.0,0.0,59.7646598815918,0.8566030859947205,0.8609679341316223,0.7254859209060669,0.0,0.0,43.44883728027344,0.0,0.0,54.754329681396484,0.0,0.0,0.0,0.0,0.0,0.0,0.0,0.0,0.0,0.8111997246742249,0.0,0.0,0.3016168475151062,0.0,0.0,0.0,0.0,0.0,0.0,0.0,0.0,0.0,0.78824383020401,0.0,0.0,0.5727620720863342,0.0,0.0,0.0,0.0,0.0,0.0,0.0,0.0,0.0,1.4452288150787354,0.0,0.0,1.8603689670562744,0.0,0.0,0.0,0.0,0.0,0.0,0.0,0.0,0.0,1.3965951204299927,0.0,0.0,1.791836142539978,0.0,0.0,0.0,0.0,0.0,0.0,0.0
0,22.0,0.0,60.7872428894043,0.856293797492981,0.8615885972976685,0.7313414216041565,0.0,0.0,43.993812561035156,0.0,0.0,55.307838439941406,0.0,0.0,0.0,0.0,0.0,0.0,0.0,0.0,0.0,0.8105372786521912,0.0,0.0,0.3009829521179199,0.0,0.0,0.0,0.0,0.0,0.0,0.0,0.0,0.0,0.7891802787780762,0.0,0.0,0.5709211826324463,0.0,0.0,0.0,0.0,0.0,0.0,0.0,0.0,0.0,1.4458407163619995,0.0,0.0,1.8523908853530884,0.0,0.0,0.0,0.0,0.0,0.0,0.0,0.0,0.0,1.3955696821212769,0.0,0.0,1.7922205924987793,0.0,0.0,0.0,0.0,0.0,0.0,0.0
0,23.0,0.0,59.66818618774414,0.8531783223152161,0.856938898563385,0.7249453663825989,0.0,0.0,43.72859573364258,0.0,0.0,55.015525817871094,0.0,0.0,0.0,0.0,0.0,0.0,0.0,0.0,0.0,0.8078650236129761,0.0,0.0,0.30098068714141846,0.0,0.0,0.0,0.0,0.0,0.0,0.0,0.0,0.0,0.7865302562713623,0.0,0.0,0.5719493627548218,0.0,0.0,0.0,0.0,0.0,0.0,0.0,0.0,0.0,1.4429080486297607,0.0,0.0,1.8481608629226685,0.0,0.0,0.0,0.0,0.0,0.0,0.0,0.0,0.0,1.3947545289993286,0.0,0.0,1.7884985208511353,0.0,0.0,0.0,0.0,0.0,0.0,0.0
0,24.0,0.0,59.348331451416016,0.8526331186294556,0.855996310710907,0.7229418754577637,0.0,0.0,43.08420181274414,0.0,0.0,54.51274490356445,0.0,0.0,0.0,0.0,0.0,0.0,0.0,0.0,0.0,0.8069912195205688,0.0,0.0,0.3002065122127533,0.0,0.0,0.0,0.0,0.0,0.0,0.0,0.0,0.0,0.7845792770385742,0.0,0.0,0.5678873062133789,0.0,0.0,0.0,0.0,0.0,0.0,0.0,0.0,0.0,1.4384539127349854,0.0,0.0,1.8479785919189453,0.0,0.0,0.0,0.0,0.0,0.0,0.0,0.0,0.0,1.3893380165100098,0.0,0.0,1.7877792119979858,0.0,0.0,0.0,0.0,0.0,0.0,0.0
0,25.0,0.0,59.419898986816406,0.8521998524665833,0.8541314005851746,0.7212948203086853,0.0,0.0,43.17225646972656,0.0,0.0,54.05581283569336,0.0,0.0,0.0,0.0,0.0,0.0,0.0,0.0,0.0,0.8052402138710022,0.0,0.0,0.3002842962741852,0.0,0.0,0.0,0.0,0.0,0.0,0.0,0.0,0.0,0.7843647599220276,0.0,0.0,0.5669472217559814,0.0,0.0,0.0,0.0,0.0,0.0,0.0,0.0,0.0,1.4446276426315308,0.0,0.0,1.8416677713394165,0.0,0.0,0.0,0.0,0.0,0.0,0.0,0.0,0.0,1.3879351615905762,0.0,0.0,1.7771551609039307,0.0,0.0,0.0,0.0,0.0,0.0,0.0
0,26.0,0.0,59.23814392089844,0.8474151492118835,0.8535687923431396,0.7210757732391357,0.0,0.0,42.92191696166992,0.0,0.0,53.900794982910156,0.0,0.0,0.0,0.0,0.0,0.0,0.0,0.0,0.0,0.8045070767402649,0.0,0.0,0.2991180717945099,0.0,0.0,0.0,0.0,0.0,0.0,0.0,0.0,0.0,0.7816820740699768,0.0,0.0,0.5672396421432495,0.0,0.0,0.0,0.0,0.0,0.0,0.0,0.0,0.0,1.4376418590545654,0.0,0.0,1.8469295501708984,0.0,0.0,0.0,0.0,0.0,0.0,0.0,0.0,0.0,1.3853603601455688,0.0,0.0,1.7807509899139404,0.0,0.0,0.0,0.0,0.0,0.0,0.0
0,27.0,0.0,59.48411178588867,0.8487937450408936,0.8514459133148193,0.7265472412109375,0.0,0.0,43.54959487915039,0.0,0.0,57.289390563964844,0.0,0.0,0.0,0.0,0.0,0.0,0.0,0.0,0.0,0.8033304810523987,0.0,0.0,0.2986770272254944,0.0,0.0,0.0,0.0,0.0,0.0,0.0,0.0,0.0,0.7856007814407349,0.0,0.0,0.5765524506568909,0.0,0.0,0.0,0.0,0.0,0.0,0.0,0.0,0.0,1.4326763153076172,0.0,0.0,1.8419725894927979,0.0,0.0,0.0,0.0,0.0,0.0,0.0,0.0,0.0,1.3843204975128174,0.0,0.0,1.7771308422088623,0.0,0.0,0.0,0.0,0.0,0.0,0.0
0,28.0,0.0,58.20582962036133,0.8445261716842651,0.8476949334144592,0.7208157777786255,0.0,0.0,42.30018615722656,0.0,0.0,53.773433685302734,0.0,0.0,0.0,0.0,0.0,0.0,0.0,0.0,0.0,0.8019598126411438,0.0,0.0,0.2984386086463928,0.0,0.0,0.0,0.0,0.0,0.0,0.0,0.0,0.0,0.7789260745048523,0.0,0.0,0.5654330253601074,0.0,0.0,0.0,0.0,0.0,0.0,0.0,0.0,0.0,1.4301512241363525,0.0,0.0,1.8349968194961548,0.0,0.0,0.0,0.0,0.0,0.0,0.0,0.0,0.0,1.381862759590149,0.0,0.0,1.773830771446228,0.0,0.0,0.0,0.0,0.0,0.0,0.0
0,29.0,0.0,59.177459716796875,0.8458564281463623,0.8501023650169373,0.7204033136367798,0.0,0.0,42.764976501464844,0.0,0.0,53.43080520629883,0.0,0.0,0.0,0.0,0.0,0.0,0.0,0.0,0.0,0.8012605309486389,0.0,0.0,0.2986328601837158,0.0,0.0,0.0,0.0,0.0,0.0,0.0,0.0,0.0,0.7804959416389465,0.0,0.0,0.5659360289573669,0.0,0.0,0.0,0.0,0.0,0.0,0.0,0.0,0.0,1.4305552244186401,0.0,0.0,1.8371572494506836,0.0,0.0,0.0,0.0,0.0,0.0,0.0,0.0,0.0,1.3825148344039917,0.0,0.0,1.7728931903839111,0.0,0.0,0.0,0.0,0.0,0.0,0.0
0,30.0,0.0,57.73926544189453,0.8410775065422058,0.8451148867607117,0.7177829742431641,0.0,0.0,41.69005584716797,0.0,0.0,52.89823532104492,0.0,0.0,0.0,0.0,0.0,0.0,0.0,0.0,0.0,0.7999722957611084,0.0,0.0,0.29790961742401123,0.0,0.0,0.0,0.0,0.0,0.0,0.0,0.0,0.0,0.7773363590240479,0.0,0.0,0.5627999305725098,0.0,0.0,0.0,0.0,0.0,0.0,0.0,0.0,0.0,1.4257646799087524,0.0,0.0,1.835201621055603,0.0,0.0,0.0,0.0,0.0,0.0,0.0,0.0,0.0,1.3742990493774414,0.0,0.0,1.7692817449569702,0.0,0.0,0.0,0.0,0.0,0.0,0.0
0,31.0,0.0,58.886165618896484,0.8401545286178589,0.8471064567565918,0.7165161967277527,0.0,0.0,42.67919158935547,0.0,0.0,53.57143783569336,0.0,0.0,0.0,0.0,0.0,0.0,0.0,0.0,0.0,0.7997531890869141,0.0,0.0,0.2977273762226105,0.0,0.0,0.0,0.0,0.0,0.0,0.0,0.0,0.0,0.7751938104629517,0.0,0.0,0.5602165460586548,0.0,0.0,0.0,0.0,0.0,0.0,0.0,0.0,0.0,1.4232805967330933,0.0,0.0,1.8320777416229248,0.0,0.0,0.0,0.0,0.0,0.0,0.0,0.0,0.0,1.3783217668533325,0.0,0.0,1.7699244022369385,0.0,0.0,0.0,0.0,0.0,0.0,0.0
0,32.0,0.0,58.35007095336914,0.8389238715171814,0.8483405709266663,0.7173570990562439,0.0,0.0,42.261688232421875,0.0,0.0,53.294517517089844,0.0,0.0,0.0,0.0,0.0,0.0,0.0,0.0,0.0,0.7991910576820374,0.0,0.0,0.29700517654418945,0.0,0.0,0.0,0.0,0.0,0.0,0.0,0.0,0.0,0.77375727891922,0.0,0.0,0.5644252896308899,0.0,0.0,0.0,0.0,0.0,0.0,0.0,0.0,0.0,1.4212416410446167,0.0,0.0,1.8249869346618652,0.0,0.0,0.0,0.0,0.0,0.0,0.0,0.0,0.0,1.3726119995117188,0.0,0.0,1.7632282972335815,0.0,0.0,0.0,0.0,0.0,0.0,0.0
0,33.0,0.0,58.85929870605469,0.8420981168746948,0.842512309551239,0.7172189354896545,0.0,0.0,42.75364685058594,0.0,0.0,53.66206741333008,0.0,0.0,0.0,0.0,0.0,0.0,0.0,0.0,0.0,0.7974947690963745,0.0,0.0,0.2970411479473114,0.0,0.0,0.0,0.0,0.0,0.0,0.0,0.0,0.0,0.7760158777236938,0.0,0.0,0.5587350726127625,0.0,0.0,0.0,0.0,0.0,0.0,0.0,0.0,0.0,1.4212323427200317,0.0,0.0,1.8235691785812378,0.0,0.0,0.0,0.0,0.0,0.0,0.0,0.0,0.0,1.3724026679992676,0.0,0.0,1.764829397201538,0.0,0.0,0.0,0.0,0.0,0.0,0.0
0,34.0,0.0,58.23884963989258,0.8381672501564026,0.8432291150093079,0.7181397080421448,0.0,0.0,42.01520538330078,0.0,0.0,53.038333892822266,0.0,0.0,0.0,0.0,0.0,0.0,0.0,0.0,0.0,0.7963985800743103,0.0,0.0,0.2957569658756256,0.0,0.0,0.0,0.0,0.0,0.0,0.0,0.0,0.0,0.7767293453216553,0.0,0.0,0.5586753487586975,0.0,0.0,0.0,0.0,0.0,0.0,0.0,0.0,0.0,1.4200621843338013,0.0,0.0,1.8232951164245605,0.0,0.0,0.0,0.0,0.0,0.0,0.0,0.0,0.0,1.3729994297027588,0.0,0.0,1.760087013244629,0.0,0.0,0.0,0.0,0.0,0.0,0.0
0,35.0,0.0,57.52783203125,0.8399683237075806,0.8477632403373718,0.7116518020629883,0.0,0.0,41.7152214050293,0.0,0.0,52.117977142333984,0.0,0.0,0.0,0.0,0.0,0.0,0.0,0.0,0.0,0.7963829040527344,0.0,0.0,0.29688337445259094,0.0,0.0,0.0,0.0,0.0,0.0,0.0,0.0,0.0,0.7727014422416687,0.0,0.0,0.5581153035163879,0.0,0.0,0.0,0.0,0.0,0.0,0.0,0.0,0.0,1.416590690612793,0.0,0.0,1.822801113128662,0.0,0.0,0.0,0.0,0.0,0.0,0.0,0.0,0.0,1.3705998659133911,0.0,0.0,1.7605681419372559,0.0,0.0,0.0,0.0,0.0,0.0,0.0
0,36.0,0.0,58.388919830322266,0.8384650349617004,0.8401563763618469,0.7126553654670715,0.0,0.0,42.64415740966797,0.0,0.0,53.05275344848633,0.0,0.0,0.0,0.0,0.0,0.0,0.0,0.0,0.0,0.7980086207389832,0.0,0.0,0.2964506447315216,0.0,0.0,0.0,0.0,0.0,0.0,0.0,0.0,0.0,0.7742689847946167,0.0,0.0,0.5600987672805786,0.0,0.0,0.0,0.0,0.0,0.0,0.0,0.0,0.0,1.418298602104187,0.0,0.0,1.8181596994400024,0.0,0.0,0.0,0.0,0.0,0.0,0.0,0.0,0.0,1.3667932748794556,0.0,0.0,1.7589324712753296,0.0,0.0,0.0,0.0,0.0,0.0,0.0
0,37.0,0.0,58.236690521240234,0.8375992178916931,0.8352177739143372,0.7107053399085999,0.0,0.0,42.13451385498047,0.0,0.0,53.10030746459961,0.0,0.0,0.0,0.0,0.0,0.0,0.0,0.0,0.0,0.7956942915916443,0.0,0.0,0.2955166697502136,0.0,0.0,0.0,0.0,0.0,0.0,0.0,0.0,0.0,0.7681739926338196,0.0,0.0,0.5570352077484131,0.0,0.0,0.0,0.0,0.0,0.0,0.0,0.0,0.0,1.4193135499954224,0.0,0.0,1.82359778881073,0.0,0.0,0.0,0.0,0.0,0.0,0.0,0.0,0.0,1.36398184299469,0.0,0.0,1.7541205883026123,0.0,0.0,0.0,0.0,0.0,0.0,0.0
0,38.0,0.0,57.27348327636719,0.8304277658462524,0.833264172077179,0.7108655571937561,0.0,0.0,41.76839828491211,0.0,0.0,52.379913330078125,0.0,0.0,0.0,0.0,0.0,0.0,0.0,0.0,0.0,0.7927356958389282,0.0,0.0,0.2943941056728363,0.0,0.0,0.0,0.0,0.0,0.0,0.0,0.0,0.0,0.7689946293830872,0.0,0.0,0.5551392436027527,0.0,0.0,0.0,0.0,0.0,0.0,0.0,0.0,0.0,1.4100723266601562,0.0,0.0,1.8078635931015015,0.0,0.0,0.0,0.0,0.0,0.0,0.0,0.0,0.0,1.3589460849761963,0.0,0.0,1.7500454187393188,0.0,0.0,0.0,0.0,0.0,0.0,0.0
0,39.0,0.0,58.11642074584961,0.8363627195358276,0.8393124938011169,0.716042160987854,0.0,0.0,41.925350189208984,0.0,0.0,53.00741958618164,0.0,0.0,0.0,0.0,0.0,0.0,0.0,0.0,0.0,0.7962427139282227,0.0,0.0,0.29525452852249146,0.0,0.0,0.0,0.0,0.0,0.0,0.0,0.0,0.0,0.7771731019020081,0.0,0.0,0.5600624680519104,0.0,0.0,0.0,0.0,0.0,0.0,0.0,0.0,0.0,1.414974570274353,0.0,0.0,1.8218445777893066,0.0,0.0,0.0,0.0,0.0,0.0,0.0,0.0,0.0,1.3672713041305542,0.0,0.0,1.7574869394302368,0.0,0.0,0.0,0.0,0.0,0.0,0.0
0,40.0,0.0,56.5677490234375,0.825729250907898,0.8301274180412292,0.7072040438652039,0.0,0.0,40.80964660644531,0.0,0.0,51.43073654174805,0.0,0.0,0.0,0.0,0.0,0.0,0.0,0.0,0.0,0.789482057094574,0.0,0.0,0.29404857754707336,0.0,0.0,0.0,0.0,0.0,0.0,0.0,0.0,0.0,0.7659468650817871,0.0,0.0,0.553710401058197,0.0,0.0,0.0,0.0,0.0,0.0,0.0,0.0,0.0,1.4050010442733765,0.0,0.0,1.8013287782669067,0.0,0.0,0.0,0.0,0.0,0.0,0.0,0.0,0.0,1.3571603298187256,0.0,0.0,1.745329737663269,0.0,0.0,0.0,0.0,0.0,0.0,0.0
0,41.0,0.0,56.58477020263672,0.825283408164978,0.8297642469406128,0.7077739834785461,0.0,0.0,40.765445709228516,0.0,0.0,51.274539947509766,0.0,0.0,0.0,0.0,0.0,0.0,0.0,0.0,0.0,0.7893139123916626,0.0,0.0,0.2932961881160736,0.0,0.0,0.0,0.0,0.0,0.0,0.0,0.0,0.0,0.7658209800720215,0.0,0.0,0.552621603012085,0.0,0.0,0.0,0.0,0.0,0.0,0.0,0.0,0.0,1.4060742855072021,0.0,0.0,1.8014230728149414,0.0,0.0,0.0,0.0,0.0,0.0,0.0,0.0,0.0,1.354406476020813,0.0,0.0,1.7414605617523193,0.0,0.0,0.0,0.0,0.0,0.0,0.0
0,42.0,0.0,56.63908767700195,0.8238922953605652,0.8270687460899353,0.7057850360870361,0.0,0.0,41.0338020324707,0.0,0.0,51.44235610961914,0.0,0.0,0.0,0.0,0.0,0.0,0.0,0.0,0.0,0.7880626916885376,0.0,0.0,0.29364386200904846,0.0,0.0,0.0,0.0,0.0,0.0,0.0,0.0,0.0,0.7653653025627136,0.0,0.0,0.5532841086387634,0.0,0.0,0.0,0.0,0.0,0.0,0.0,0.0,0.0,1.400076985359192,0.0,0.0,1.7959764003753662,0.0,0.0,0.0,0.0,0.0,0.0,0.0,0.0,0.0,1.3534183502197266,0.0,0.0,1.7364177703857422,0.0,0.0,0.0,0.0,0.0,0.0,0.0
0,43.0,0.0,56.36262893676758,0.8207284212112427,0.8251500725746155,0.7009559273719788,0.0,0.0,40.58220291137695,0.0,0.0,50.531314849853516,0.0,0.0,0.0,0.0,0.0,0.0,0.0,0.0,0.0,0.7851700782775879,0.0,0.0,0.2915787994861603,0.0,0.0,0.0,0.0,0.0,0.0,0.0,0.0,0.0,0.7625495195388794,0.0,0.0,0.5488589406013489,0.0,0.0,0.0,0.0,0.0,0.0,0.0,0.0,0.0,1.3928898572921753,0.0,0.0,1.7864608764648438,0.0,0.0,0.0,0.0,0.0,0.0,0.0,0.0,0.0,1.351131796836853,0.0,0.0,1.7316014766693115,0.0,0.0,0.0,0.0,0.0,0.0,0.0
0,44.0,0.0,57.04100036621094,0.8229889869689941,0.8256667256355286,0.7045971155166626,0.0,0.0,41.28480529785156,0.0,0.0,52.15778350830078,0.0,0.0,0.0,0.0,0.0,0.0,0.0,0.0,0.0,0.7852097153663635,0.0,0.0,0.2926529347896576,0.0,0.0,0.0,0.0,0.0,0.0,0.0,0.0,0.0,0.7621961236000061,0.0,0.0,0.5481627583503723,0.0,0.0,0.0,0.0,0.0,0.0,0.0,0.0,0.0,1.396643877029419,0.0,0.0,1.7868716716766357,0.0,0.0,0.0,0.0,0.0,0.0,0.0,0.0,0.0,1.3507193326950073,0.0,0.0,1.7339071035385132,0.0,0.0,0.0,0.0,0.0,0.0,0.0
0,45.0,0.0,56.18512725830078,0.821869432926178,0.8237131834030151,0.7060768604278564,0.0,0.0,40.56671142578125,0.0,0.0,50.797882080078125,0.0,0.0,0.0,0.0,0.0,0.0,0.0,0.0,0.0,0.7835692763328552,0.0,0.0,0.29142168164253235,0.0,0.0,0.0,0.0,0.0,0.0,0.0,0.0,0.0,0.7598603963851929,0.0,0.0,0.5483081936836243,0.0,0.0,0.0,0.0,0.0,0.0,0.0,0.0,0.0,1.3951970338821411,0.0,0.0,1.7814855575561523,0.0,0.0,0.0,0.0,0.0,0.0,0.0,0.0,0.0,1.34853196144104,0.0,0.0,1.7269680500030518,0.0,0.0,0.0,0.0,0.0,0.0,0.0
0,46.0,0.0,56.00109100341797,0.8181493282318115,0.8210150599479675,0.703877329826355,0.0,0.0,40.55746841430664,0.0,0.0,50.836387634277344,0.0,0.0,0.0,0.0,0.0,0.0,0.0,0.0,0.0,0.7824566960334778,0.0,0.0,0.2913803458213806,0.0,0.0,0.0,0.0,0.0,0.0,0.0,0.0,0.0,0.7598186731338501,0.0,0.0,0.5469357371330261,0.0,0.0,0.0,0.0,0.0,0.0,0.0,0.0,0.0,1.3889343738555908,0.0,0.0,1.7880326509475708,0.0,0.0,0.0,0.0,0.0,0.0,0.0,0.0,0.0,1.3444608449935913,0.0,0.0,1.7217451333999634,0.0,0.0,0.0,0.0,0.0,0.0,0.0
0,47.0,0.0,55.7520751953125,0.8180491328239441,0.8211995363235474,0.7003399729728699,0.0,0.0,40.190040588378906,0.0,0.0,50.798702239990234,0.0,0.0,0.0,0.0,0.0,0.0,0.0,0.0,0.0,0.7833199501037598,0.0,0.0,0.2912446856498718,0.0,0.0,0.0,0.0,0.0,0.0,0.0,0.0,0.0,0.7577351927757263,0.0,0.0,0.5474886298179626,0.0,0.0,0.0,0.0,0.0,0.0,0.0,0.0,0.0,1.3897501230239868,0.0,0.0,1.7805861234664917,0.0,0.0,0.0,0.0,0.0,0.0,0.0,0.0,0.0,1.342350959777832,0.0,0.0,1.7221301794052124,0.0,0.0,0.0,0.0,0.0,0.0,0.0
0,48.0,0.0,55.464141845703125,0.8153051137924194,0.8154388070106506,0.6986374855041504,0.0,0.0,39.92958450317383,0.0,0.0,50.048988342285156,0.0,0.0,0.0,0.0,0.0,0.0,0.0,0.0,0.0,0.7801384925842285,0.0,0.0,0.2900152802467346,0.0,0.0,0.0,0.0,0.0,0.0,0.0,0.0,0.0,0.7559022903442383,0.0,0.0,0.5438492894172668,0.0,0.0,0.0,0.0,0.0,0.0,0.0,0.0,0.0,1.3857115507125854,0.0,0.0,1.7706727981567383,0.0,0.0,0.0,0.0,0.0,0.0,0.0,0.0,0.0,1.3407026529312134,0.0,0.0,1.7206454277038574,0.0,0.0,0.0,0.0,0.0,0.0,0.0
0,49.0,0.0,55.1466178894043,0.8104381561279297,0.8136904239654541,0.7005987167358398,0.0,0.0,39.69236373901367,0.0,0.0,49.782474517822266,0.0,0.0,0.0,0.0,0.0,0.0,0.0,0.0,0.0,0.7792605757713318,0.0,0.0,0.2901586890220642,0.0,0.0,0.0,0.0,0.0,0.0,0.0,0.0,0.0,0.7556928396224976,0.0,0.0,0.5430788397789001,0.0,0.0,0.0,0.0,0.0,0.0,0.0,0.0,0.0,1.3814486265182495,0.0,0.0,1.768471121788025,0.0,0.0,0.0,0.0,0.0,0.0,0.0,0.0,0.0,1.3339685201644897,0.0,0.0,1.713013768196106,0.0,0.0,0.0,0.0,0.0,0.0,0.0
0,50.0,0.0,55.530906677246094,0.8112187385559082,0.8132604956626892,0.7006374597549438,0.0,0.0,40.02281188964844,0.0,0.0,50.151493072509766,0.0,0.0,0.0,0.0,0.0,0.0,0.0,0.0,0.0,0.7784481644630432,0.0,0.0,0.29064372181892395,0.0,0.0,0.0,0.0,0.0,0.0,0.0,0.0,0.0,0.7541308999061584,0.0,0.0,0.5458301901817322,0.0,0.0,0.0,0.0,0.0,0.0,0.0,0.0,0.0,1.3823273181915283,0.0,0.0,1.7682085037231445,0.0,0.0,0.0,0.0,0.0,0.0,0.0,0.0,0.0,1.3335729837417603,0.0,0.0,1.7094051837921143,0.0,0.0,0.0,0.0,0.0,0.0,0.0
0,51.0,0.0,55.8102912902832,0.8115061521530151,0.8155486583709717,0.7020533680915833,0.0,0.0,40.62598419189453,0.0,0.0,50.842132568359375,0.0,0.0,0.0,0.0,0.0,0.0,0.0,0.0,0.0,0.777949333190918,0.0,0.0,0.28903689980506897,0.0,0.0,0.0,0.0,0.0,0.0,0.0,0.0,0.0,0.7560652494430542,0.0,0.0,0.5424650311470032,0.0,0.0,0.0,0.0,0.0,0.0,0.0,0.0,0.0,1.3803311586380005,0.0,0.0,1.7661583423614502,0.0,0.0,0.0,0.0,0.0,0.0,0.0,0.0,0.0,1.3339990377426147,0.0,0.0,1.7114531993865967,0.0,0.0,0.0,0.0,0.0,0.0,0.0
0,52.0,0.0,54.99988555908203,0.8074056506156921,0.8111366629600525,0.6994816660881042,0.0,0.0,39.73909378051758,0.0,0.0,49.836788177490234,0.0,0.0,0.0,0.0,0.0,0.0,0.0,0.0,0.0,0.7765371799468994,0.0,0.0,0.28981053829193115,0.0,0.0,0.0,0.0,0.0,0.0,0.0,0.0,0.0,0.7542392015457153,0.0,0.0,0.5419570207595825,0.0,0.0,0.0,0.0,0.0,0.0,0.0,0.0,0.0,1.3784399032592773,0.0,0.0,1.764219045639038,0.0,0.0,0.0,0.0,0.0,0.0,0.0,0.0,0.0,1.3330612182617188,0.0,0.0,1.7069330215454102,0.0,0.0,0.0,0.0,0.0,0.0,0.0
0,53.0,0.0,54.92850875854492,0.8091426491737366,0.811648428440094,0.6971150636672974,0.0,0.0,39.87554168701172,0.0,0.0,49.93313217163086,0.0,0.0,0.0,0.0,0.0,0.0,0.0,0.0,0.0,0.7777854204177856,0.0,0.0,0.28831398487091064,0.0,0.0,0.0,0.0,0.0,0.0,0.0,0.0,0.0,0.7538201212882996,0.0,0.0,0.541034460067749,0.0,0.0,0.0,0.0,0.0,0.0,0.0,0.0,0.0,1.3814200162887573,0.0,0.0,1.769829273223877,0.0,0.0,0.0,0.0,0.0,0.0,0.0,0.0,0.0,1.3317009210586548,0.0,0.0,1.7044004201889038,0.0,0.0,0.0,0.0,0.0,0.0,0.0
0,54.0,0.0,54.77605438232422,0.8074573278427124,0.8095531463623047,0.6992036700248718,0.0,0.0,39.76913070678711,0.0,0.0,50.89116668701172,0.0,0.0,0.0,0.0,0.0,0.0,0.0,0.0,0.0,0.7765238285064697,0.0,0.0,0.28789982199668884,0.0,0.0,0.0,0.0,0.0,0.0,0.0,0.0,0.0,0.7529186010360718,0.0,0.0,0.5447014570236206,0.0,0.0,0.0,0.0,0.0,0.0,0.0,0.0,0.0,1.3729666471481323,0.0,0.0,1.7592661380767822,0.0,0.0,0.0,0.0,0.0,0.0,0.0,0.0,0.0,1.3281441926956177,0.0,0.0,1.702525019645691,0.0,0.0,0.0,0.0,0.0,0.0,0.0
0,55.0,0.0,54.154788970947266,0.8035584688186646,0.8051255345344543,0.6960861682891846,0.0,0.0,39.063682556152344,0.0,0.0,49.39987564086914,0.0,0.0,0.0,0.0,0.0,0.0,0.0,0.0,0.0,0.7750508785247803,0.0,0.0,0.288074791431427,0.0,0.0,0.0,0.0,0.0,0.0,0.0,0.0,0.0,0.749666690826416,0.0,0.0,0.5405412316322327,0.0,0.0,0.0,0.0,0.0,0.0,0.0,0.0,0.0,1.3693280220031738,0.0,0.0,1.7527269124984741,0.0,0.0,0.0,0.0,0.0,0.0,0.0,0.0,0.0,1.3252323865890503,0.0,0.0,1.6981282234191895,0.0,0.0,0.0,0.0,0.0,0.0,0.0
0,56.0,0.0,54.075565338134766,0.8010746836662292,0.8021923899650574,0.6949054598808289,0.0,0.0,39.01820755004883,0.0,0.0,48.65060043334961,0.0,0.0,0.0,0.0,0.0,0.0,0.0,0.0,0.0,0.772287905216217,0.0,0.0,0.2872696816921234,0.0,0.0,0.0,0.0,0.0,0.0,0.0,0.0,0.0,0.7509838938713074,0.0,0.0,0.5374051928520203,0.0,0.0,0.0,0.0,0.0,0.0,0.0,0.0,0.0,1.3670969009399414,0.0,0.0,1.7446129322052002,0.0,0.0,0.0,0.0,0.0,0.0,0.0,0.0,0.0,1.321089744567871,0.0,0.0,1.6993486881256104,0.0,0.0,0.0,0.0,0.0,0.0,0.0
0,57.0,0.0,54.60169982910156,0.8031335473060608,0.8042315244674683,0.694819450378418,0.0,0.0,39.393592834472656,0.0,0.0,50.312095642089844,0.0,0.0,0.0,0.0,0.0,0.0,0.0,0.0,0.0,0.7745013236999512,0.0,0.0,0.28789451718330383,0.0,0.0,0.0,0.0,0.0,0.0,0.0,0.0,0.0,0.7493290305137634,0.0,0.0,0.5378274321556091,0.0,0.0,0.0,0.0,0.0,0.0,0.0,0.0,0.0,1.3695929050445557,0.0,0.0,1.7500005960464478,0.0,0.0,0.0,0.0,0.0,0.0,0.0,0.0,0.0,1.3198070526123047,0.0,0.0,1.694006323814392,0.0,0.0,0.0,0.0,0.0,0.0,0.0
0,58.0,0.0,54.232303619384766,0.7987670302391052,0.8030937314033508,0.6911701560020447,0.0,0.0,39.46992874145508,0.0,0.0,50.09122848510742,0.0,0.0,0.0,0.0,0.0,0.0,0.0,0.0,0.0,0.7713400721549988,0.0,0.0,0.2868193984031677,0.0,0.0,0.0,0.0,0.0,0.0,0.0,0.0,0.0,0.7477725148200989,0.0,0.0,0.5426837801933289,0.0,0.0,0.0,0.0,0.0,0.0,0.0,0.0,0.0,1.3654640913009644,0.0,0.0,1.7425367832183838,0.0,0.0,0.0,0.0,0.0,0.0,0.0,0.0,0.0,1.3222402334213257,0.0,0.0,1.6908847093582153,0.0,0.0,0.0,0.0,0.0,0.0,0.0
0,59.0,0.0,53.83399963378906,0.8012635111808777,0.8014466166496277,0.6923101544380188,0.0,0.0,38.84736633300781,0.0,0.0,48.781768798828125,0.0,0.0,0.0,0.0,0.0,0.0,0.0,0.0,0.0,0.7712340354919434,0.0,0.0,0.2860938310623169,0.0,0.0,0.0,0.0,0.0,0.0,0.0,0.0,0.0,0.7456099390983582,0.0,0.0,0.5366508364677429,0.0,0.0,0.0,0.0,0.0,0.0,0.0,0.0,0.0,1.365676760673523,0.0,0.0,1.7404471635818481,0.0,0.0,0.0,0.0,0.0,0.0,0.0,0.0,0.0,1.3189605474472046,0.0,0.0,1.6846040487289429,0.0,0.0,0.0,0.0,0.0,0.0,0.0
0,60.0,0.0,53.59444808959961,0.7950170040130615,0.7977524399757385,0.6930455565452576,0.0,0.0,38.603939056396484,0.0,0.0,48.48677062988281,0.0,0.0,0.0,0.0,0.0,0.0,0.0,0.0,0.0,0.7701169848442078,0.0,0.0,0.28594252467155457,0.0,0.0,0.0,0.0,0.0,0.0,0.0,0.0,0.0,0.7450807690620422,0.0,0.0,0.5346379280090332,0.0,0.0,0.0,0.0,0.0,0.0,0.0,0.0,0.0,1.3610165119171143,0.0,0.0,1.7390453815460205,0.0,0.0,0.0,0.0,0.0,0.0,0.0,0.0,0.0,1.316399097442627,0.0,0.0,1.6830693483352661,0.0,0.0,0.0,0.0,0.0,0.0,0.0
0,61.0,0.0,53.880313873291016,0.795850932598114,0.7985245585441589,0.6929599046707153,0.0,0.0,38.98759841918945,0.0,0.0,48.64358139038086,0.0,0.0,0.0,0.0,0.0,0.0,0.0,0.0,0.0,0.7690877914428711,0.0,0.0,0.2858355939388275,0.0,0.0,0.0,0.0,0.0,0.0,0.0,0.0,0.0,0.7445493340492249,0.0,0.0,0.5336251258850098,0.0,0.0,0.0,0.0,0.0,0.0,0.0,0.0,0.0,1.3604015111923218,0.0,0.0,1.7370545864105225,0.0,0.0,0.0,0.0,0.0,0.0,0.0,0.0,0.0,1.3133530616760254,0.0,0.0,1.6824427843093872,0.0,0.0,0.0,0.0,0.0,0.0,0.0
0,62.0,0.0,53.19194412231445,0.7930200099945068,0.7958887219429016,0.6914381384849548,0.0,0.0,38.345149993896484,0.0,0.0,48.12135314941406,0.0,0.0,0.0,0.0,0.0,0.0,0.0,0.0,0.0,0.7698514461517334,0.0,0.0,0.2858024835586548,0.0,0.0,0.0,0.0,0.0,0.0,0.0,0.0,0.0,0.742899477481842,0.0,0.0,0.5334917306900024,0.0,0.0,0.0,0.0,0.0,0.0,0.0,0.0,0.0,1.3550008535385132,0.0,0.0,1.729546070098877,0.0,0.0,0.0,0.0,0.0,0.0,0.0,0.0,0.0,1.3102703094482422,0.0,0.0,1.678675651550293,0.0,0.0,0.0,0.0,0.0,0.0,0.0
0,63.0,0.0,53.53196716308594,0.7897875905036926,0.7944267988204956,0.6882593035697937,0.0,0.0,38.14567947387695,0.0,0.0,47.832313537597656,0.0,0.0,0.0,0.0,0.0,0.0,0.0,0.0,0.0,0.7662712931632996,0.0,0.0,0.28458505868911743,0.0,0.0,0.0,0.0,0.0,0.0,0.0,0.0,0.0,0.7428256273269653,0.0,0.0,0.5349841713905334,0.0,0.0,0.0,0.0,0.0,0.0,0.0,0.0,0.0,1.3546319007873535,0.0,0.0,1.7267911434173584,0.0,0.0,0.0,0.0,0.0,0.0,0.0,0.0,0.0,1.3095518350601196,0.0,0.0,1.6749746799468994,0.0,0.0,0.0,0.0,0.0,0.0,0.0
0,64.0,0.0,52.54072952270508,0.7865099906921387,0.7901788353919983,0.6848623156547546,0.0,0.0,37.80828094482422,0.0,0.0,47.39148712158203,0.0,0.0,0.0,0.0,0.0,0.0,0.0,0.0,0.0,0.7649205923080444,0.0,0.0,0.28373971581459045,0.0,0.0,0.0,0.0,0.0,0.0,0.0,0.0,0.0,0.7393925786018372,0.0,0.0,0.5296255946159363,0.0,0.0,0.0,0.0,0.0,0.0,0.0,0.0,0.0,1.3475048542022705,0.0,0.0,1.7173782587051392,0.0,0.0,0.0,0.0,0.0,0.0,0.0,0.0,0.0,1.3029555082321167,0.0,0.0,1.6673816442489624,0.0,0.0,0.0,0.0,0.0,0.0,0.0
0,65.0,0.0,53.26458740234375,0.7883754968643188,0.7916362285614014,0.6866033673286438,0.0,0.0,38.298580169677734,0.0,0.0,47.41726303100586,0.0,0.0,0.0,0.0,0.0,0.0,0.0,0.0,0.0,0.7642571926116943,0.0,0.0,0.2838553488254547,0.0,0.0,0.0,0.0,0.0,0.0,0.0,0.0,0.0,0.7404483556747437,0.0,0.0,0.5326729416847229,0.0,0.0,0.0,0.0,0.0,0.0,0.0,0.0,0.0,1.3477250337600708,0.0,0.0,1.7216378450393677,0.0,0.0,0.0,0.0,0.0,0.0,0.0,0.0,0.0,1.3050986528396606,0.0,0.0,1.6686166524887085,0.0,0.0,0.0,0.0,0.0,0.0,0.0
0,66.0,0.0,52.654964447021484,0.7854751944541931,0.7893649935722351,0.686011016368866,0.0,0.0,38.24665832519531,0.0,0.0,48.140506744384766,0.0,0.0,0.0,0.0,0.0,0.0,0.0,0.0,0.0,0.7644620537757874,0.0,0.0,0.28383123874664307,0.0,0.0,0.0,0.0,0.0,0.0,0.0,0.0,0.0,0.7399817109107971,0.0,0.0,0.530674934387207,0.0,0.0,0.0,0.0,0.0,0.0,0.0,0.0,0.0,1.3458189964294434,0.0,0.0,1.717814564704895,0.0,0.0,0.0,0.0,0.0,0.0,0.0,0.0,0.0,1.3030766248703003,0.0,0.0,1.6653051376342773,0.0,0.0,0.0,0.0,0.0,0.0,0.0
0,67.0,0.0,53.33317565917969,0.7854387760162354,0.7881232500076294,0.6851341724395752,0.0,0.0,38.44036102294922,0.0,0.0,47.657630920410156,0.0,0.0,0.0,0.0,0.0,0.0,0.0,0.0,0.0,0.7632797360420227,0.0,0.0,0.28344500064849854,0.0,0.0,0.0,0.0,0.0,0.0,0.0,0.0,0.0,0.7370068430900574,0.0,0.0,0.5293154120445251,0.0,0.0,0.0,0.0,0.0,0.0,0.0,0.0,0.0,1.3445050716400146,0.0,0.0,1.7169504165649414,0.0,0.0,0.0,0.0,0.0,0.0,0.0,0.0,0.0,1.3022392988204956,0.0,0.0,1.665618896484375,0.0,0.0,0.0,0.0,0.0,0.0,0.0
0,68.0,0.0,52.21038818359375,0.7819710373878479,0.7849432229995728,0.6849135160446167,0.0,0.0,37.666595458984375,0.0,0.0,47.32204818725586,0.0,0.0,0.0,0.0,0.0,0.0,0.0,0.0,0.0,0.7623094916343689,0.0,0.0,0.28268924355506897,0.0,0.0,0.0,0.0,0.0,0.0,0.0,0.0,0.0,0.7361161708831787,0.0,0.0,0.5273821353912354,0.0,0.0,0.0,0.0,0.0,0.0,0.0,0.0,0.0,1.3421223163604736,0.0,0.0,1.715924859046936,0.0,0.0,0.0,0.0,0.0,0.0,0.0,0.0,0.0,1.296860933303833,0.0,0.0,1.6568423509597778,0.0,0.0,0.0,0.0,0.0,0.0,0.0
0,69.0,0.0,52.60316467285156,0.7802447080612183,0.7840238213539124,0.6829624176025391,0.0,0.0,38.010841369628906,0.0,0.0,47.74138259887695,0.0,0.0,0.0,0.0,0.0,0.0,0.0,0.0,0.0,0.7609221935272217,0.0,0.0,0.28227704763412476,0.0,0.0,0.0,0.0,0.0,0.0,0.0,0.0,0.0,0.735601544380188,0.0,0.0,0.527014970779419,0.0,0.0,0.0,0.0,0.0,0.0,0.0,0.0,0.0,1.3390111923217773,0.0,0.0,1.7095834016799927,0.0,0.0,0.0,0.0,0.0,0.0,0.0,0.0,0.0,1.2967839241027832,0.0,0.0,1.657374620437622,0.0,0.0,0.0,0.0,0.0,0.0,0.0
0,70.0,0.0,52.257225036621094,0.7785531282424927,0.7827454805374146,0.6815647482872009,0.0,0.0,37.64753341674805,0.0,0.0,47.15243148803711,0.0,0.0,0.0,0.0,0.0,0.0,0.0,0.0,0.0,0.7595697641372681,0.0,0.0,0.2827673852443695,0.0,0.0,0.0,0.0,0.0,0.0,0.0,0.0,0.0,0.7355335354804993,0.0,0.0,0.5246116518974304,0.0,0.0,0.0,0.0,0.0,0.0,0.0,0.0,0.0,1.3367831707000732,0.0,0.0,1.7016534805297852,0.0,0.0,0.0,0.0,0.0,0.0,0.0,0.0,0.0,1.2913082838058472,0.0,0.0,1.6555814743041992,0.0,0.0,0.0,0.0,0.0,0.0,0.0
0,71.0,0.0,52.27667236328125,0.7793160080909729,0.7820408344268799,0.6833239793777466,0.0,0.0,37.58821487426758,0.0,0.0,46.93149185180664,0.0,0.0,0.0,0.0,0.0,0.0,0.0,0.0,0.0,0.7608181834220886,0.0,0.0,0.28159642219543457,0.0,0.0,0.0,0.0,0.0,0.0,0.0,0.0,0.0,0.735800564289093,0.0,0.0,0.531196117401123,0.0,0.0,0.0,0.0,0.0,0.0,0.0,0.0,0.0,1.3377126455307007,0.0,0.0,1.7061091661453247,0.0,0.0,0.0,0.0,0.0,0.0,0.0,0.0,0.0,1.292653203010559,0.0,0.0,1.6541818380355835,0.0,0.0,0.0,0.0,0.0,0.0,0.0
0,72.0,0.0,54.27658462524414,0.7974052429199219,0.7994583249092102,0.6953977346420288,0.0,0.0,39.20363235473633,0.0,0.0,49.7579231262207,0.0,0.0,0.0,0.0,0.0,0.0,0.0,0.0,0.0,0.7695488333702087,0.0,0.0,0.2858744263648987,0.0,0.0,0.0,0.0,0.0,0.0,0.0,0.0,0.0,0.7489062547683716,0.0,0.0,0.5398640036582947,0.0,0.0,0.0,0.0,0.0,0.0,0.0,0.0,0.0,1.3631802797317505,0.0,0.0,1.740593671798706,0.0,0.0,0.0,0.0,0.0,0.0,0.0,0.0,0.0,1.3204855918884277,0.0,0.0,1.690436840057373,0.0,0.0,0.0,0.0,0.0,0.0,0.0
0,73.0,0.0,51.682273864746094,0.7748655080795288,0.7775224447250366,0.6795305609703064,0.0,0.0,37.353118896484375,0.0,0.0,46.74334716796875,0.0,0.0,0.0,0.0,0.0,0.0,0.0,0.0,0.0,0.7575522661209106,0.0,0.0,0.28080224990844727,0.0,0.0,0.0,0.0,0.0,0.0,0.0,0.0,0.0,0.7313966751098633,0.0,0.0,0.5239226222038269,0.0,0.0,0.0,0.0,0.0,0.0,0.0,0.0,0.0,1.330312728881836,0.0,0.0,1.6945335865020752,0.0,0.0,0.0,0.0,0.0,0.0,0.0,0.0,0.0,1.2869269847869873,0.0,0.0,1.644614577293396,0.0,0.0,0.0,0.0,0.0,0.0,0.0
0,74.0,0.0,51.990928649902344,0.777255117893219,0.7776597142219543,0.6814181804656982,0.0,0.0,37.66666030883789,0.0,0.0,47.203311920166016,0.0,0.0,0.0,0.0,0.0,0.0,0.0,0.0,0.0,0.7577583193778992,0.0,0.0,0.28124135732650757,0.0,0.0,0.0,0.0,0.0,0.0,0.0,0.0,0.0,0.7313128113746643,0.0,0.0,0.524941086769104,0.0,0.0,0.0,0.0,0.0,0.0,0.0,0.0,0.0,1.3314859867095947,0.0,0.0,1.6925543546676636,0.0,0.0,0.0,0.0,0.0,0.0,0.0,0.0,0.0,1.2878459692001343,0.0,0.0,1.64272940158844,0.0,0.0,0.0,0.0,0.0,0.0,0.0
0,75.0,0.0,51.92498779296875,0.7718893885612488,0.7752709984779358,0.6774337291717529,0.0,0.0,37.362937927246094,0.0,0.0,47.25388717651367,0.0,0.0,0.0,0.0,0.0,0.0,0.0,0.0,0.0,0.7559297680854797,0.0,0.0,0.28031429648399353,0.0,0.0,0.0,0.0,0.0,0.0,0.0,0.0,0.0,0.7304062247276306,0.0,0.0,0.5225117206573486,0.0,0.0,0.0,0.0,0.0,0.0,0.0,0.0,0.0,1.325689673423767,0.0,0.0,1.6889539957046509,0.0,0.0,0.0,0.0,0.0,0.0,0.0,0.0,0.0,1.2836061716079712,0.0,0.0,1.6385020017623901,0.0,0.0,0.0,0.0,0.0,0.0,0.0
0,76.0,0.0,51.90254211425781,0.7747780084609985,0.7766075134277344,0.6774014830589294,0.0,0.0,37.41674041748047,0.0,0.0,46.77595901489258,0.0,0.0,0.0,0.0,0.0,0.0,0.0,0.0,0.0,0.755946934223175,0.0,0.0,0.28036776185035706,0.0,0.0,0.0,0.0,0.0,0.0,0.0,0.0,0.0,0.7313774824142456,0.0,0.0,0.5242865681648254,0.0,0.0,0.0,0.0,0.0,0.0,0.0,0.0,0.0,1.3273223638534546,0.0,0.0,1.6866381168365479,0.0,0.0,0.0,0.0,0.0,0.0,0.0,0.0,0.0,1.2847566604614258,0.0,0.0,1.6470292806625366,0.0,0.0,0.0,0.0,0.0,0.0,0.0
0,77.0,0.0,51.02266311645508,0.7698938846588135,0.7749836444854736,0.677625834941864,0.0,0.0,36.90057373046875,0.0,0.0,46.25968933105469,0.0,0.0,0.0,0.0,0.0,0.0,0.0,0.0,0.0,0.7551047205924988,0.0,0.0,0.2801828384399414,0.0,0.0,0.0,0.0,0.0,0.0,0.0,0.0,0.0,0.7284311652183533,0.0,0.0,0.5216054320335388,0.0,0.0,0.0,0.0,0.0,0.0,0.0,0.0,0.0,1.3254526853561401,0.0,0.0,1.6840239763259888,0.0,0.0,0.0,0.0,0.0,0.0,0.0,0.0,0.0,1.2796766757965088,0.0,0.0,1.6352382898330688,0.0,0.0,0.0,0.0,0.0,0.0,0.0
0,78.0,0.0,51.20083236694336,0.7697833776473999,0.7720584869384766,0.6760950684547424,0.0,0.0,36.890892028808594,0.0,0.0,45.84907531738281,0.0,0.0,0.0,0.0,0.0,0.0,0.0,0.0,0.0,0.7534559369087219,0.0,0.0,0.2803659439086914,0.0,0.0,0.0,0.0,0.0,0.0,0.0,0.0,0.0,0.7273393869400024,0.0,0.0,0.5213437080383301,0.0,0.0,0.0,0.0,0.0,0.0,0.0,0.0,0.0,1.3205045461654663,0.0,0.0,1.68230140209198,0.0,0.0,0.0,0.0,0.0,0.0,0.0,0.0,0.0,1.2782849073410034,0.0,0.0,1.6325414180755615,0.0,0.0,0.0,0.0,0.0,0.0,0.0
0,79.0,0.0,51.22941589355469,0.7676556706428528,0.7716696858406067,0.6764846444129944,0.0,0.0,36.889434814453125,0.0,0.0,46.084449768066406,0.0,0.0,0.0,0.0,0.0,0.0,0.0,0.0,0.0,0.7534853219985962,0.0,0.0,0.2800133526325226,0.0,0.0,0.0,0.0,0.0,0.0,0.0,0.0,0.0,0.7280755043029785,0.0,0.0,0.519442617893219,0.0,0.0,0.0,0.0,0.0,0.0,0.0,0.0,0.0,1.3197226524353027,0.0,0.0,1.678386926651001,0.0,0.0,0.0,0.0,0.0,0.0,0.0,0.0,0.0,1.2782829999923706,0.0,0.0,1.632973313331604,0.0,0.0,0.0,0.0,0.0,0.0,0.0
0,80.0,0.0,51.05613708496094,0.7675490379333496,0.7702012062072754,0.674721896648407,0.0,0.0,36.823951721191406,0.0,0.0,46.20017623901367,0.0,0.0,0.0,0.0,0.0,0.0,0.0,0.0,0.0,0.7555060982704163,0.0,0.0,0.2791203558444977,0.0,0.0,0.0,0.0,0.0,0.0,0.0,0.0,0.0,0.727750837802887,0.0,0.0,0.5197218656539917,0.0,0.0,0.0,0.0,0.0,0.0,0.0,0.0,0.0,1.321619987487793,0.0,0.0,1.6764556169509888,0.0,0.0,0.0,0.0,0.0,0.0,0.0,0.0,0.0,1.2794811725616455,0.0,0.0,1.6280938386917114,0.0,0.0,0.0,0.0,0.0,0.0,0.0
0,81.0,0.0,50.60191345214844,0.7633783221244812,0.7673647403717041,0.6726709604263306,0.0,0.0,36.54646682739258,0.0,0.0,45.41592025756836,0.0,0.0,0.0,0.0,0.0,0.0,0.0,0.0,0.0,0.751426100730896,0.0,0.0,0.27878764271736145,0.0,0.0,0.0,0.0,0.0,0.0,0.0,0.0,0.0,0.7242956757545471,0.0,0.0,0.5172625184059143,0.0,0.0,0.0,0.0,0.0,0.0,0.0,0.0,0.0,1.3171336650848389,0.0,0.0,1.671790599822998,0.0,0.0,0.0,0.0,0.0,0.0,0.0,0.0,0.0,1.273241639137268,0.0,0.0,1.625327467918396,0.0,0.0,0.0,0.0,0.0,0.0,0.0
0,82.0,0.0,50.69634246826172,0.7634927034378052,0.7644850611686707,0.6768101453781128,0.0,0.0,36.549625396728516,0.0,0.0,45.46541976928711,0.0,0.0,0.0,0.0,0.0,0.0,0.0,0.0,0.0,0.7536168098449707,0.0,0.0,0.27828821539878845,0.0,0.0,0.0,0.0,0.0,0.0,0.0,0.0,0.0,0.727462649345398,0.0,0.0,0.5209919810295105,0.0,0.0,0.0,0.0,0.0,0.0,0.0,0.0,0.0,1.31414794921875,0.0,0.0,1.6696885824203491,0.0,0.0,0.0,0.0,0.0,0.0,0.0,0.0,0.0,1.2718379497528076,0.0,0.0,1.6215417385101318,0.0,0.0,0.0,0.0,0.0,0.0,0.0
0,83.0,0.0,50.59623718261719,0.761540412902832,0.76444411277771,0.6732010841369629,0.0,0.0,36.43827819824219,0.0,0.0,45.41579055786133,0.0,0.0,0.0,0.0,0.0,0.0,0.0,0.0,0.0,0.7512426972389221,0.0,0.0,0.2780410349369049,0.0,0.0,0.0,0.0,0.0,0.0,0.0,0.0,0.0,0.7227746844291687,0.0,0.0,0.5176724791526794,0.0,0.0,0.0,0.0,0.0,0.0,0.0,0.0,0.0,1.3114460706710815,0.0,0.0,1.6670008897781372,0.0,0.0,0.0,0.0,0.0,0.0,0.0,0.0,0.0,1.2687058448791504,0.0,0.0,1.6198875904083252,0.0,0.0,0.0,0.0,0.0,0.0,0.0
0,84.0,0.0,50.702022552490234,0.7605732083320618,0.7655069828033447,0.672234296798706,0.0,0.0,36.620201110839844,0.0,0.0,45.383453369140625,0.0,0.0,0.0,0.0,0.0,0.0,0.0,0.0,0.0,0.7500504851341248,0.0,0.0,0.2782726287841797,0.0,0.0,0.0,0.0,0.0,0.0,0.0,0.0,0.0,0.7227144837379456,0.0,0.0,0.5178413987159729,0.0,0.0,0.0,0.0,0.0,0.0,0.0,0.0,0.0,1.3099055290222168,0.0,0.0,1.6704237461090088,0.0,0.0,0.0,0.0,0.0,0.0,0.0,0.0,0.0,1.2701934576034546,0.0,0.0,1.61954665184021,0.0,0.0,0.0,0.0,0.0,0.0,0.0
0,85.0,0.0,50.700469970703125,0.7610192894935608,0.7647545337677002,0.6725915670394897,0.0,0.0,36.66937255859375,0.0,0.0,45.71209716796875,0.0,0.0,0.0,0.0,0.0,0.0,0.0,0.0,0.0,0.7490736842155457,0.0,0.0,0.2779228687286377,0.0,0.0,0.0,0.0,0.0,0.0,0.0,0.0,0.0,0.7234928607940674,0.0,0.0,0.5165618062019348,0.0,0.0,0.0,0.0,0.0,0.0,0.0,0.0,0.0,1.3086954355239868,0.0,0.0,1.6636029481887817,0.0,0.0,0.0,0.0,0.0,0.0,0.0,0.0,0.0,1.2707607746124268,0.0,0.0,1.6225353479385376,0.0,0.0,0.0,0.0,0.0,0.0,0.0
0,86.0,0.0,50.758216857910156,0.759411633014679,0.7618975043296814,0.6708583831787109,0.0,0.0,36.50395584106445,0.0,0.0,45.321983337402344,0.0,0.0,0.0,0.0,0.0,0.0,0.0,0.0,0.0,0.7492996454238892,0.0,0.0,0.27755007147789,0.0,0.0,0.0,0.0,0.0,0.0,0.0,0.0,0.0,0.7209380269050598,0.0,0.0,0.5148240923881531,0.0,0.0,0.0,0.0,0.0,0.0,0.0,0.0,0.0,1.3080723285675049,0.0,0.0,1.660929560661316,0.0,0.0,0.0,0.0,0.0,0.0,0.0,0.0,0.0,1.267799735069275,0.0,0.0,1.6190248727798462,0.0,0.0,0.0,0.0,0.0,0.0,0.0
0,87.0,0.0,50.36674880981445,0.759221076965332,0.7626380324363708,0.670941174030304,0.0,0.0,36.310203552246094,0.0,0.0,45.01694107055664,0.0,0.0,0.0,0.0,0.0,0.0,0.0,0.0,0.0,0.7508434057235718,0.0,0.0,0.27748507261276245,0.0,0.0,0.0,0.0,0.0,0.0,0.0,0.0,0.0,0.7225708961486816,0.0,0.0,0.5150721669197083,0.0,0.0,0.0,0.0,0.0,0.0,0.0,0.0,0.0,1.306694746017456,0.0,0.0,1.6629300117492676,0.0,0.0,0.0,0.0,0.0,0.0,0.0,0.0,0.0,1.265821099281311,0.0,0.0,1.6162627935409546,0.0,0.0,0.0,0.0,0.0,0.0,0.0
0,88.0,0.0,50.00965881347656,0.7560045123100281,0.7594995498657227,0.6698994040489197,0.0,0.0,36.169151306152344,0.0,0.0,44.990264892578125,0.0,0.0,0.0,0.0,0.0,0.0,0.0,0.0,0.0,0.7486352920532227,0.0,0.0,0.27680307626724243,0.0,0.0,0.0,0.0,0.0,0.0,0.0,0.0,0.0,0.7202735543251038,0.0,0.0,0.5164847373962402,0.0,0.0,0.0,0.0,0.0,0.0,0.0,0.0,0.0,1.3034228086471558,0.0,0.0,1.65579092502594,0.0,0.0,0.0,0.0,0.0,0.0,0.0,0.0,0.0,1.2632657289505005,0.0,0.0,1.6074057817459106,0.0,0.0,0.0,0.0,0.0,0.0,0.0
0,89.0,0.0,49.97060012817383,0.7563771605491638,0.7590475678443909,0.6694542765617371,0.0,0.0,36.09687805175781,0.0,0.0,44.810508728027344,0.0,0.0,0.0,0.0,0.0,0.0,0.0,0.0,0.0,0.7471709251403809,0.0,0.0,0.27701884508132935,0.0,0.0,0.0,0.0,0.0,0.0,0.0,0.0,0.0,0.7209246158599854,0.0,0.0,0.5144146084785461,0.0,0.0,0.0,0.0,0.0,0.0,0.0,0.0,0.0,1.3061391115188599,0.0,0.0,1.654958963394165,0.0,0.0,0.0,0.0,0.0,0.0,0.0,0.0,0.0,1.2623523473739624,0.0,0.0,1.609495759010315,0.0,0.0,0.0,0.0,0.0,0.0,0.0
0,90.0,0.0,50.13400650024414,0.755282998085022,0.7580331563949585,0.6699217557907104,0.0,0.0,36.244842529296875,0.0,0.0,45.31937789916992,0.0,0.0,0.0,0.0,0.0,0.0,0.0,0.0,0.0,0.7469640374183655,0.0,0.0,0.27646443247795105,0.0,0.0,0.0,0.0,0.0,0.0,0.0,0.0,0.0,0.7178127765655518,0.0,0.0,0.5121558308601379,0.0,0.0,0.0,0.0,0.0,0.0,0.0,0.0,0.0,1.303520679473877,0.0,0.0,1.6543973684310913,0.0,0.0,0.0,0.0,0.0,0.0,0.0,0.0,0.0,1.261419415473938,0.0,0.0,1.60755455493927,0.0,0.0,0.0,0.0,0.0,0.0,0.0
0,91.0,0.0,50.00022888183594,0.7543982267379761,0.7580066919326782,0.6666219830513,0.0,0.0,36.1724739074707,0.0,0.0,45.273414611816406,0.0,0.0,0.0,0.0,0.0,0.0,0.0,0.0,0.0,0.7455629110336304,0.0,0.0,0.27625682950019836,0.0,0.0,0.0,0.0,0.0,0.0,0.0,0.0,0.0,0.7193121910095215,0.0,0.0,0.5136820673942566,0.0,0.0,0.0,0.0,0.0,0.0,0.0,0.0,0.0,1.3008549213409424,0.0,0.0,1.6471658945083618,0.0,0.0,0.0,0.0,0.0,0.0,0.0,0.0,0.0,1.2610957622528076,0.0,0.0,1.6052716970443726,0.0,0.0,0.0,0.0,0.0,0.0,0.0
0,92.0,0.0,49.9819221496582,0.752456784248352,0.7547968029975891,0.6670746803283691,0.0,0.0,36.0435791015625,0.0,0.0,44.76599884033203,0.0,0.0,0.0,0.0,0.0,0.0,0.0,0.0,0.0,0.7457465529441833,0.0,0.0,0.27575019001960754,0.0,0.0,0.0,0.0,0.0,0.0,0.0,0.0,0.0,0.7178695797920227,0.0,0.0,0.5140299797058105,0.0,0.0,0.0,0.0,0.0,0.0,0.0,0.0,0.0,1.2985730171203613,0.0,0.0,1.6449470520019531,0.0,0.0,0.0,0.0,0.0,0.0,0.0,0.0,0.0,1.257348895072937,0.0,0.0,1.605332374572754,0.0,0.0,0.0,0.0,0.0,0.0,0.0
0,93.0,0.0,49.655792236328125,0.748948872089386,0.752091109752655,0.6667105555534363,0.0,0.0,35.867061614990234,0.0,0.0,44.57148361206055,0.0,0.0,0.0,0.0,0.0,0.0,0.0,0.0,0.0,0.7439789175987244,0.0,0.0,0.27514997124671936,0.0,0.0,0.0,0.0,0.0,0.0,0.0,0.0,0.0,0.7154128551483154,0.0,0.0,0.5111639499664307,0.0,0.0,0.0,0.0,0.0,0.0,0.0,0.0,0.0,1.293298602104187,0.0,0.0,1.6427452564239502,0.0,0.0,0.0,0.0,0.0,0.0,0.0,0.0,0.0,1.2550768852233887,0.0,0.0,1.6011452674865723,0.0,0.0,0.0,0.0,0.0,0.0,0.0
0,94.0,0.0,49.76945495605469,0.7482395172119141,0.7527456283569336,0.6641117930412292,0.0,0.0,36.0562858581543,0.0,0.0,44.69937515258789,0.0,0.0,0.0,0.0,0.0,0.0,0.0,0.0,0.0,0.7420269250869751,0.0,0.0,0.2749907374382019,0.0,0.0,0.0,0.0,0.0,0.0,0.0,0.0,0.0,0.7155096530914307,0.0,0.0,0.5101290941238403,0.0,0.0,0.0,0.0,0.0,0.0,0.0,0.0,0.0,1.2911405563354492,0.0,0.0,1.6410479545593262,0.0,0.0,0.0,0.0,0.0,0.0,0.0,0.0,0.0,1.2569823265075684,0.0,0.0,1.5996015071868896,0.0,0.0,0.0,0.0,0.0,0.0,0.0
0,95.0,0.0,49.55126953125,0.7469992637634277,0.7508953809738159,0.666047990322113,0.0,0.0,35.920440673828125,0.0,0.0,44.681304931640625,0.0,0.0,0.0,0.0,0.0,0.0,0.0,0.0,0.0,0.7404118776321411,0.0,0.0,0.27450937032699585,0.0,0.0,0.0,0.0,0.0,0.0,0.0,0.0,0.0,0.7147514224052429,0.0,0.0,0.5104453563690186,0.0,0.0,0.0,0.0,0.0,0.0,0.0,0.0,0.0,1.292815089225769,0.0,0.0,1.632225513458252,0.0,0.0,0.0,0.0,0.0,0.0,0.0,0.0,0.0,1.2545584440231323,0.0,0.0,1.5950475931167603,0.0,0.0,0.0,0.0,0.0,0.0,0.0
0,96.0,0.0,49.2208251953125,0.74493807554245,0.7486928701400757,0.6626842617988586,0.0,0.0,35.535160064697266,0.0,0.0,44.21524429321289,0.0,0.0,0.0,0.0,0.0,0.0,0.0,0.0,0.0,0.7392997741699219,0.0,0.0,0.2740134596824646,0.0,0.0,0.0,0.0,0.0,0.0,0.0,0.0,0.0,0.7152583003044128,0.0,0.0,0.5101282000541687,0.0,0.0,0.0,0.0,0.0,0.0,0.0,0.0,0.0,1.2853002548217773,0.0,0.0,1.6291836500167847,0.0,0.0,0.0,0.0,0.0,0.0,0.0,0.0,0.0,1.2512980699539185,0.0,0.0,1.5917856693267822,0.0,0.0,0.0,0.0,0.0,0.0,0.0
0,97.0,0.0,49.424686431884766,0.7454365491867065,0.7490904927253723,0.6640254855155945,0.0,0.0,35.74319839477539,0.0,0.0,44.3922233581543,0.0,0.0,0.0,0.0,0.0,0.0,0.0,0.0,0.0,0.7385281324386597,0.0,0.0,0.27382174134254456,0.0,0.0,0.0,0.0,0.0,0.0,0.0,0.0,0.0,0.7128470540046692,0.0,0.0,0.5087116360664368,0.0,0.0,0.0,0.0,0.0,0.0,0.0,0.0,0.0,1.2856587171554565,0.0,0.0,1.6298719644546509,0.0,0.0,0.0,0.0,0.0,0.0,0.0,0.0,0.0,1.2516841888427734,0.0,0.0,1.5957046747207642,0.0,0.0,0.0,0.0,0.0,0.0,0.0
0,98.0,0.0,50.043636322021484,0.7446339130401611,0.7493193745613098,0.6636528372764587,0.0,0.0,36.5219841003418,0.0,0.0,44.642642974853516,0.0,0.0,0.0,0.0,0.0,0.0,0.0,0.0,0.0,0.7406719923019409,0.0,0.0,0.27359363436698914,0.0,0.0,0.0,0.0,0.0,0.0,0.0,0.0,0.0,0.7145097851753235,0.0,0.0,0.5100833773612976,0.0,0.0,0.0,0.0,0.0,0.0,0.0,0.0,0.0,1.2873797416687012,0.0,0.0,1.629618763923645,0.0,0.0,0.0,0.0,0.0,0.0,0.0,0.0,0.0,1.2509942054748535,0.0,0.0,1.5927083492279053,0.0,0.0,0.0,0.0,0.0,0.0,0.0
0,99.0,0.0,49.436275482177734,0.7431884407997131,0.7475321292877197,0.6618684530258179,0.0,0.0,35.736854553222656,0.0,0.0,45.15174865722656,0.0,0.0,0.0,0.0,0.0,0.0,0.0,0.0,0.0,0.7379812598228455,0.0,0.0,0.2737511396408081,0.0,0.0,0.0,0.0,0.0,0.0,0.0,0.0,0.0,0.7123026251792908,0.0,0.0,0.5099952816963196,0.0,0.0,0.0,0.0,0.0,0.0,0.0,0.0,0.0,1.283139944076538,0.0,0.0,1.629029393196106,0.0,0.0,0.0,0.0,0.0,0.0,0.0,0.0,0.0,1.2496024370193481,0.0,0.0,1.5912001132965088,0.0,0.0,0.0,0.0,0.0,0.0,0.0
